time,q_river
2010-01-01,5.2620217e-05
2010-01-02,11.82924
2010-01-03,92.573456
2010-01-04,110.430695
2010-01-05,110.65301
2010-01-06,107.531624
2010-01-07,101.03401
2010-01-08,99.06536
2010-01-09,106.961136
2010-01-10,116.31394
2010-01-11,93.022934
2010-01-12,82.14948
2010-01-13,78.45877
2010-01-14,79.559166
2010-01-15,73.02033
2010-01-16,71.18222
2010-01-17,64.37008
2010-01-18,57.5915
2010-01-19,53.490334
2010-01-20,50.705364
2010-01-21,50.72281
2010-01-22,49.020554
2010-01-23,44.771805
2010-01-24,42.523045
2010-01-25,44.034733
2010-01-26,44.140053
2010-01-27,41.912548
2010-01-28,39.64946
2010-01-29,39.425274
2010-01-30,48.053677
2010-01-31,50.97067
2010-02-01,42.680325
2010-02-02,35.60781
2010-02-03,32.296085
2010-02-04,29.966932
2010-02-05,27.898863
2010-02-06,27.109865
2010-02-07,28.749754
2010-02-08,36.698402
2010-02-09,40.562252
2010-02-10,38.709957
2010-02-11,33.069477
2010-02-12,29.394526
2010-02-13,29.859303
2010-02-14,29.93609
2010-02-15,33.83129
2010-02-16,54.40911
2010-02-17,64.302986
2010-02-18,59.115944
2010-02-19,71.34698
2010-02-20,75.979004
2010-02-21,69.04915
2010-02-22,53.53088
2010-02-23,40.312557
2010-02-24,34.311367
2010-02-25,45.05827
2010-02-26,80.882324
2010-02-27,104.92173
2010-02-28,88.80846
2010-03-01,83.3664
2010-03-02,109.0487
2010-03-03,117.172226
2010-03-04,85.64778
2010-03-05,86.31551
2010-03-06,81.43417
2010-03-07,73.65227
2010-03-08,84.73823
2010-03-09,76.686966
2010-03-10,68.037735
2010-03-11,60.893646
2010-03-12,54.760548
2010-03-13,52.42662
2010-03-14,60.49871
2010-03-15,63.32331
2010-03-16,55.72485
2010-03-17,51.32936
2010-03-18,55.719925
2010-03-19,92.58436
2010-03-20,115.108696
2010-03-21,88.71735
2010-03-22,72.929306
2010-03-23,105.85807
2010-03-24,135.30725
2010-03-25,96.35026
2010-03-26,70.3267
2010-03-27,75.35767
2010-03-28,97.565346
2010-03-29,80.58106
2010-03-30,69.22873
2010-03-31,69.99864
2010-04-01,109.79974
2010-04-02,171.69612
2010-04-03,156.80191
2010-04-04,162.51604
2010-04-05,212.56345
2010-04-06,217.958
2010-04-07,274.35086
2010-04-08,273.80026
2010-04-09,184.11081
2010-04-10,131.37242
2010-04-11,127.98268
2010-04-12,220.11737
2010-04-13,270.66147
2010-04-14,194.8603
2010-04-15,149.81718
2010-04-16,143.08755
2010-04-17,145.33168
2010-04-18,135.45245
2010-04-19,118.66884
2010-04-20,105.66917
2010-04-21,136.37883
2010-04-22,154.03447
2010-04-23,144.9933
2010-04-24,173.42743
2010-04-25,187.341
2010-04-26,164.0573
2010-04-27,208.0212
2010-04-28,293.607
2010-04-29,315.59076
2010-04-30,367.15717
2010-05-01,444.4781
2010-05-02,419.9834
2010-05-03,384.71725
2010-05-04,422.8329
2010-05-05,421.61795
2010-05-06,342.079
2010-05-07,315.77527
2010-05-08,433.64136
2010-05-09,399.57877
2010-05-10,270.7252
2010-05-11,223.22752
2010-05-12,301.8556
2010-05-13,448.03235
2010-05-14,811.79785
2010-05-15,735.0384
2010-05-16,502.27817
2010-05-17,380.55756
2010-05-18,302.33746
2010-05-19,274.74908
2010-05-20,250.54161
2010-05-21,260.36667
2010-05-22,350.35965
2010-05-23,437.8004
2010-05-24,417.93597
2010-05-25,342.13248
2010-05-26,279.93658
2010-05-27,371.39227
2010-05-28,389.02267
2010-05-29,310.6909
2010-05-30,228.39818
2010-05-31,201.46956
2010-06-01,310.03467
2010-06-02,382.2495
2010-06-03,391.21835
2010-06-04,339.63058
2010-06-05,273.7501
2010-06-06,270.79562
2010-06-07,282.55396
2010-06-08,246.32474
2010-06-09,219.06879
2010-06-10,238.98637
2010-06-11,299.8006
2010-06-12,301.3542
2010-06-13,308.32144
2010-06-14,313.93134
2010-06-15,263.90784
2010-06-16,255.21303
2010-06-17,310.53458
2010-06-18,341.0779
2010-06-19,320.94858
2010-06-20,416.92343
2010-06-21,915.3128
2010-06-22,1096.1567
2010-06-23,754.6471
2010-06-24,437.7653
2010-06-25,272.66727
2010-06-26,267.2691
2010-06-27,294.8964
2010-06-28,312.5675
2010-06-29,316.5812
2010-06-30,304.138
2010-07-01,299.94165
2010-07-02,289.29062
2010-07-03,272.60458
2010-07-04,492.24063
2010-07-05,429.88556
2010-07-06,434.0338
2010-07-07,456.31747
2010-07-08,434.78864
2010-07-09,583.56976
2010-07-10,579.7176
2010-07-11,467.83936
2010-07-12,475.6796
2010-07-13,454.74963
2010-07-14,353.00742
2010-07-15,349.95502
2010-07-16,459.47537
2010-07-17,985.03284
2010-07-18,989.65076
2010-07-19,646.559
2010-07-20,419.8295
2010-07-21,313.64957
2010-07-22,276.1158
2010-07-23,264.5101
2010-07-24,263.32172
2010-07-25,283.52533
2010-07-26,327.16006
2010-07-27,711.5903
2010-07-28,702.13684
2010-07-29,478.44366
2010-07-30,354.04596
2010-07-31,324.28738
2010-08-01,425.72556
2010-08-02,541.188
2010-08-03,499.86258
2010-08-04,494.62964
2010-08-05,697.5457
2010-08-06,584.77985
2010-08-07,376.30658
2010-08-08,369.0787
2010-08-09,465.731
2010-08-10,439.22845
2010-08-11,380.2715
2010-08-12,369.52383
2010-08-13,383.33994
2010-08-14,456.61972
2010-08-15,393.3174
2010-08-16,294.2223
2010-08-17,248.82964
2010-08-18,233.17465
2010-08-19,312.7461
2010-08-20,470.26743
2010-08-21,463.2149
2010-08-22,353.53107
2010-08-23,287.0025
2010-08-24,305.363
2010-08-25,336.68076
2010-08-26,390.78976
2010-08-27,684.8585
2010-08-28,765.81
2010-08-29,586.14246
2010-08-30,438.9992
2010-08-31,374.8047
2010-09-01,387.6925
2010-09-02,405.47583
2010-09-03,455.28583
2010-09-04,586.4204
2010-09-05,624.7182
2010-09-06,536.223
2010-09-07,387.1876
2010-09-08,295.38263
2010-09-09,345.6227
2010-09-10,380.06104
2010-09-11,360.53595
2010-09-12,366.60284
2010-09-13,345.0042
2010-09-14,283.37476
2010-09-15,254.67741
2010-09-16,234.94174
2010-09-17,225.17863
2010-09-18,219.01248
2010-09-19,240.97578
2010-09-20,280.37973
2010-09-21,352.94406
2010-09-22,446.23502
2010-09-23,412.5375
2010-09-24,373.74747
2010-09-25,449.33115
2010-09-26,445.68146
2010-09-27,384.6752
2010-09-28,389.67984
2010-09-29,412.6759
2010-09-30,355.5854
2010-10-01,274.01163
2010-10-02,287.8403
2010-10-03,462.78445
2010-10-04,657.97455
2010-10-05,592.4894
2010-10-06,406.7087
2010-10-07,288.24936
2010-10-08,227.72218
2010-10-09,183.13026
2010-10-10,176.79543
2010-10-11,181.94537
2010-10-12,164.76245
2010-10-13,144.4046
2010-10-14,139.96019
2010-10-15,159.70654
2010-10-16,179.83823
2010-10-17,250.7108
2010-10-18,303.255
2010-10-19,343.70963
2010-10-20,297.13416
2010-10-21,229.94292
2010-10-22,235.81766
2010-10-23,299.96463
2010-10-24,279.69443
2010-10-25,320.3994
2010-10-26,415.94373
2010-10-27,374.24863
2010-10-28,265.9654
2010-10-29,204.37175
2010-10-30,205.97656
2010-10-31,197.63632
2010-11-01,187.3032
2010-11-02,198.44449
2010-11-03,279.69693
2010-11-04,331.35727
2010-11-05,261.4284
2010-11-06,254.67616
2010-11-07,279.76517
2010-11-08,247.41391
2010-11-09,236.01459
2010-11-10,255.29755
2010-11-11,264.96844
2010-11-12,284.33762
2010-11-13,247.21039
2010-11-14,305.51044
2010-11-15,385.03232
2010-11-16,358.65967
2010-11-17,365.5006
2010-11-18,300.11536
2010-11-19,269.35727
2010-11-20,289.22046
2010-11-21,321.71616
2010-11-22,301.2631
2010-11-23,298.77075
2010-11-24,382.85385
2010-11-25,374.74216
2010-11-26,270.71893
2010-11-27,219.76286
2010-11-28,249.08
2010-11-29,284.61246
2010-11-30,284.48804
2010-12-01,434.15756
2010-12-02,821.0594
2010-12-03,1214.6733
2010-12-04,1158.1038
2010-12-05,891.2529
2010-12-06,649.8942
2010-12-07,480.86456
2010-12-08,376.9332
2010-12-09,296.86078
2010-12-10,297.42352
2010-12-11,303.80844
2010-12-12,256.0974
2010-12-13,219.0852
2010-12-14,194.62053
2010-12-15,193.99704
2010-12-16,246.10263
2010-12-17,274.2463
2010-12-18,225.55124
2010-12-19,185.7847
2010-12-20,202.28293
2010-12-21,211.26076
2010-12-22,200.33983
2010-12-23,169.97977
2010-12-24,142.85031
2010-12-25,124.1305
2010-12-26,125.81226
2010-12-27,177.51254
2010-12-28,248.88573
2010-12-29,249.19896
2010-12-30,252.04166
2010-12-31,267.40588
2011-01-01,202.41133
2011-01-02,152.44716
2011-01-03,146.58394
2011-01-04,173.31735
2011-01-05,204.69225
2011-01-06,189.3964
2011-01-07,187.09723
2011-01-08,157.27505
2011-01-09,113.22449
2011-01-10,92.50177
2011-01-11,112.158165
2011-01-12,209.30003
2011-01-13,268.89502
2011-01-14,216.88678
2011-01-15,135.99548
2011-01-16,97.86683
2011-01-17,91.131096
2011-01-18,102.851295
2011-01-19,95.35363
2011-01-20,90.83945
2011-01-21,83.178406
2011-01-22,76.62046
2011-01-23,66.362114
2011-01-24,62.052177
2011-01-25,79.040886
2011-01-26,91.43971
2011-01-27,71.84892
2011-01-28,58.182278
2011-01-29,57.391136
2011-01-30,52.81219
2011-01-31,48.152897
2011-02-01,51.699844
2011-02-02,48.761784
2011-02-03,42.261497
2011-02-04,38.616962
2011-02-05,35.87908
2011-02-06,32.695908
2011-02-07,30.439445
2011-02-08,29.772583
2011-02-09,30.062162
2011-02-10,35.368557
2011-02-11,68.85918
2011-02-12,86.98929
2011-02-13,61.8998
2011-02-14,55.64228
2011-02-15,100.49065
2011-02-16,136.13388
2011-02-17,111.4042
2011-02-18,87.952995
2011-02-19,76.44353
2011-02-20,73.29633
2011-02-21,89.374794
2011-02-22,76.48727
2011-02-23,58.049152
2011-02-24,48.35849
2011-02-25,44.773823
2011-02-26,60.15005
2011-02-27,86.19316
2011-02-28,116.999954
2011-03-01,158.98145
2011-03-02,204.53687
2011-03-03,210.68358
2011-03-04,216.94376
2011-03-05,309.40912
2011-03-06,298.39938
2011-03-07,212.5869
2011-03-08,210.9794
2011-03-09,186.46056
2011-03-10,152.62274
2011-03-11,185.19872
2011-03-12,213.16592
2011-03-13,183.76578
2011-03-14,138.85178
2011-03-15,117.83988
2011-03-16,120.392876
2011-03-17,105.16643
2011-03-18,100.84232
2011-03-19,103.37257
2011-03-20,173.26988
2011-03-21,229.9107
2011-03-22,244.31839
2011-03-23,290.66376
2011-03-24,253.98543
2011-03-25,189.75027
2011-03-26,167.63988
2011-03-27,192.69576
2011-03-28,184.92555
2011-03-29,203.64696
2011-03-30,242.19328
2011-03-31,222.68213
2011-04-01,205.35556
2011-04-02,210.29257
2011-04-03,233.10202
2011-04-04,188.75584
2011-04-05,298.34183
2011-04-06,484.13495
2011-04-07,424.0983
2011-04-08,308.77536
2011-04-09,283.6381
2011-04-10,427.15958
2011-04-11,591.04535
2011-04-12,500.50452
2011-04-13,392.1276
2011-04-14,448.99063
2011-04-15,345.70163
2011-04-16,234.89641
2011-04-17,247.9043
2011-04-18,276.84656
2011-04-19,224.74637
2011-04-20,279.28293
2011-04-21,374.09558
2011-04-22,367.87476
2011-04-23,314.7163
2011-04-24,270.8485
2011-04-25,268.94095
2011-04-26,273.08795
2011-04-27,265.94986
2011-04-28,224.77719
2011-04-29,263.05484
2011-04-30,279.42596
2011-05-01,223.08586
2011-05-02,194.82349
2011-05-03,163.02666
2011-05-04,138.46365
2011-05-05,132.81436
2011-05-06,137.66948
2011-05-07,144.88095
2011-05-08,131.91129
2011-05-09,148.97906
2011-05-10,181.21027
2011-05-11,147.63055
2011-05-12,127.36009
2011-05-13,141.50526
2011-05-14,187.71263
2011-05-15,233.00897
2011-05-16,209.20728
2011-05-17,159.94632
2011-05-18,125.20351
2011-05-19,106.57437
2011-05-20,108.54588
2011-05-21,106.042534
2011-05-22,89.70819
2011-05-23,97.0749
2011-05-24,171.88206
2011-05-25,191.13133
2011-05-26,153.82085
2011-05-27,171.79918
2011-05-28,193.73167
2011-05-29,261.14777
2011-05-30,271.23132
2011-05-31,240.57535
2011-06-01,257.9817
2011-06-02,321.004
2011-06-03,387.18164
2011-06-04,379.60617
2011-06-05,354.31235
2011-06-06,310.27985
2011-06-07,246.21988
2011-06-08,190.11295
2011-06-09,362.28537
2011-06-10,331.3864
2011-06-11,233.85007
2011-06-12,172.4744
2011-06-13,145.55106
2011-06-14,150.6438
2011-06-15,181.3716
2011-06-16,203.87012
2011-06-17,217.06993
2011-06-18,281.73087
2011-06-19,319.7527
2011-06-20,332.1802
2011-06-21,330.01593
2011-06-22,317.6984
2011-06-23,320.39816
2011-06-24,348.92838
2011-06-25,422.5636
2011-06-26,416.45938
2011-06-27,406.32043
2011-06-28,443.2213
2011-06-29,459.47302
2011-06-30,372.43695
2011-07-01,310.73273
2011-07-02,312.71948
2011-07-03,274.10486
2011-07-04,297.4149
2011-07-05,272.4243
2011-07-06,238.06248
2011-07-07,244.23247
2011-07-08,295.59027
2011-07-09,263.07782
2011-07-10,228.74146
2011-07-11,241.39075
2011-07-12,280.7785
2011-07-13,290.99606
2011-07-14,322.16907
2011-07-15,736.4476
2011-07-16,802.9066
2011-07-17,505.28284
2011-07-18,322.2148
2011-07-19,261.65158
2011-07-20,229.49756
2011-07-21,227.18634
2011-07-22,274.87378
2011-07-23,337.0901
2011-07-24,299.85046
2011-07-25,242.13559
2011-07-26,221.28221
2011-07-27,223.57181
2011-07-28,244.09877
2011-07-29,253.6112
2011-07-30,497.01984
2011-07-31,1323.1161
2011-08-01,1123.7803
2011-08-02,608.54895
2011-08-03,401.9886
2011-08-04,380.50085
2011-08-05,382.57883
2011-08-06,315.51068
2011-08-07,269.43515
2011-08-08,275.30142
2011-08-09,224.10046
2011-08-10,181.92064
2011-08-11,212.61565
2011-08-12,257.94202
2011-08-13,253.97482
2011-08-14,231.84047
2011-08-15,295.1242
2011-08-16,343.9178
2011-08-17,286.47723
2011-08-18,257.4508
2011-08-19,251.25256
2011-08-20,235.03795
2011-08-21,360.14172
2011-08-22,438.9355
2011-08-23,340.95575
2011-08-24,308.46185
2011-08-25,345.70963
2011-08-26,403.9207
2011-08-27,346.54608
2011-08-28,274.92926
2011-08-29,249.6592
2011-08-30,242.30066
2011-08-31,212.08525
2011-09-01,186.81396
2011-09-02,182.10464
2011-09-03,177.52985
2011-09-04,171.8393
2011-09-05,172.43774
2011-09-06,171.74406
2011-09-07,156.34946
2011-09-08,150.37204
2011-09-09,228.50838
2011-09-10,593.4051
2011-09-11,778.50165
2011-09-12,576.2999
2011-09-13,401.9973
2011-09-14,311.30045
2011-09-15,233.78398
2011-09-16,203.4947
2011-09-17,220.62729
2011-09-18,270.36246
2011-09-19,317.42255
2011-09-20,387.5075
2011-09-21,338.2558
2011-09-22,262.41214
2011-09-23,221.5311
2011-09-24,209.57523
2011-09-25,226.83228
2011-09-26,257.02072
2011-09-27,327.5285
2011-09-28,287.42944
2011-09-29,213.42888
2011-09-30,168.59494
2011-10-01,153.20477
2011-10-02,147.78922
2011-10-03,165.25296
2011-10-04,206.05197
2011-10-05,258.07748
2011-10-06,330.1381
2011-10-07,356.51437
2011-10-08,304.93768
2011-10-09,276.46005
2011-10-10,289.80887
2011-10-11,337.47614
2011-10-12,311.14767
2011-10-13,365.9253
2011-10-14,1038.0103
2011-10-15,1120.6061
2011-10-16,784.7474
2011-10-17,965.8334
2011-10-18,1291.5864
2011-10-19,1681.4626
2011-10-20,1465.8088
2011-10-21,876.1519
2011-10-22,497.39023
2011-10-23,325.91556
2011-10-24,237.4837
2011-10-25,197.24623
2011-10-26,193.8204
2011-10-27,197.92978
2011-10-28,201.59935
2011-10-29,236.41385
2011-10-30,326.51065
2011-10-31,410.88635
2011-11-01,519.7257
2011-11-02,372.38785
2011-11-03,225.7909
2011-11-04,157.9724
2011-11-05,144.30368
2011-11-06,144.6387
2011-11-07,137.60703
2011-11-08,155.05127
2011-11-09,207.2411
2011-11-10,250.7456
2011-11-11,301.73358
2011-11-12,301.7282
2011-11-13,480.61816
2011-11-14,748.248
2011-11-15,646.1497
2011-11-16,423.26483
2011-11-17,335.54684
2011-11-18,352.89932
2011-11-19,429.01627
2011-11-20,760.8735
2011-11-21,814.92694
2011-11-22,574.6599
2011-11-23,371.39362
2011-11-24,246.70644
2011-11-25,208.25504
2011-11-26,251.07614
2011-11-27,249.11159
2011-11-28,213.75102
2011-11-29,235.77379
2011-11-30,284.98807
2011-12-01,309.5762
2011-12-02,303.48648
2011-12-03,306.4465
2011-12-04,324.4695
2011-12-05,282.5606
2011-12-06,227.46098
2011-12-07,175.35648
2011-12-08,163.045
2011-12-09,213.45059
2011-12-10,251.89029
2011-12-11,222.36621
2011-12-12,186.74617
2011-12-13,283.09406
2011-12-14,406.01468
2011-12-15,425.01666
2011-12-16,505.4884
2011-12-17,527.0683
2011-12-18,534.97754
2011-12-19,470.60745
2011-12-20,374.385
2011-12-21,428.80402
2011-12-22,403.67487
2011-12-23,289.9042
2011-12-24,269.54272
2011-12-25,264.53415
2011-12-26,216.57117
2011-12-27,168.73154
2011-12-28,140.22751
2011-12-29,114.84939
2011-12-30,105.04952
2011-12-31,106.219124
2012-01-01,109.42676
2012-01-02,128.83168
2012-01-03,144.5423
2012-01-04,109.39645
2012-01-05,99.60779
2012-01-06,181.55421
2012-01-07,235.05362
2012-01-08,175.39427
2012-01-09,150.55162
2012-01-10,131.6379
2012-01-11,106.309395
2012-01-12,90.65459
2012-01-13,94.09513
2012-01-14,86.296074
2012-01-15,82.699295
2012-01-16,100.43503
2012-01-17,152.6808
2012-01-18,212.90768
2012-01-19,180.97787
2012-01-20,124.7835
2012-01-21,107.020325
2012-01-22,96.26791
2012-01-23,76.53356
2012-01-24,63.160355
2012-01-25,61.672443
2012-01-26,80.8691
2012-01-27,106.03137
2012-01-28,122.8281
2012-01-29,89.98955
2012-01-30,68.34034
2012-01-31,60.217556
2012-02-01,56.7973
2012-02-02,65.47749
2012-02-03,69.36051
2012-02-04,57.19895
2012-02-05,46.19901
2012-02-06,41.858288
2012-02-07,39.74242
2012-02-08,38.761253
2012-02-09,45.35895
2012-02-10,62.3925
2012-02-11,58.39343
2012-02-12,49.021244
2012-02-13,43.333263
2012-02-14,43.38143
2012-02-15,43.271004
2012-02-16,38.548763
2012-02-17,34.022827
2012-02-18,31.02518
2012-02-19,28.165943
2012-02-20,26.239834
2012-02-21,27.53668
2012-02-22,28.59458
2012-02-23,26.436289
2012-02-24,23.851461
2012-02-25,22.09381
2012-02-26,20.814547
2012-02-27,20.50513
2012-02-28,23.218056
2012-02-29,26.134335
2012-03-01,25.235733
2012-03-02,22.590471
2012-03-03,20.922932
2012-03-04,20.937635
2012-03-05,22.24114
2012-03-06,28.00612
2012-03-07,59.553577
2012-03-08,98.17143
2012-03-09,80.82668
2012-03-10,59.125298
2012-03-11,43.46848
2012-03-12,32.79734
2012-03-13,26.734161
2012-03-14,23.58953
2012-03-15,22.128206
2012-03-16,21.270393
2012-03-17,20.522017
2012-03-18,20.239092
2012-03-19,21.634583
2012-03-20,32.672874
2012-03-21,66.686066
2012-03-22,55.879036
2012-03-23,37.84447
2012-03-24,34.692043
2012-03-25,35.786324
2012-03-26,32.429413
2012-03-27,30.114418
2012-03-28,30.307587
2012-03-29,31.155815
2012-03-30,39.7791
2012-03-31,42.575916
2012-04-01,37.60747
2012-04-02,35.59793
2012-04-03,38.79896
2012-04-04,40.289402
2012-04-05,40.53248
2012-04-06,47.272793
2012-04-07,60.928112
2012-04-08,60.375206
2012-04-09,79.75927
2012-04-10,109.323685
2012-04-11,147.14578
2012-04-12,167.37439
2012-04-13,163.93912
2012-04-14,156.84674
2012-04-15,169.25258
2012-04-16,269.94897
2012-04-17,385.40146
2012-04-18,346.65225
2012-04-19,290.43765
2012-04-20,238.11133
2012-04-21,225.36368
2012-04-22,254.30743
2012-04-23,290.6987
2012-04-24,270.56848
2012-04-25,244.70975
2012-04-26,232.29382
2012-04-27,220.02904
2012-04-28,215.58102
2012-04-29,183.72374
2012-04-30,163.23578
2012-05-01,145.1973
2012-05-02,139.62993
2012-05-03,138.70967
2012-05-04,138.94965
2012-05-05,140.6363
2012-05-06,155.99158
2012-05-07,182.39592
2012-05-08,324.11075
2012-05-09,301.7907
2012-05-10,212.72133
2012-05-11,164.24702
2012-05-12,154.81516
2012-05-13,188.77333
2012-05-14,273.8794
2012-05-15,290.15363
2012-05-16,247.1293
2012-05-17,212.10341
2012-05-18,207.12096
2012-05-19,326.68585
2012-05-20,558.6376
2012-05-21,682.16327
2012-05-22,607.01074
2012-05-23,460.11688
2012-05-24,341.31955
2012-05-25,293.75024
2012-05-26,315.4724
2012-05-27,312.90857
2012-05-28,262.52466
2012-05-29,212.88219
2012-05-30,173.76712
2012-05-31,151.82393
2012-06-01,139.64584
2012-06-02,146.1015
2012-06-03,165.29222
2012-06-04,190.48743
2012-06-05,189.50401
2012-06-06,153.58293
2012-06-07,143.96204
2012-06-08,159.453
2012-06-09,174.91206
2012-06-10,242.68103
2012-06-11,296.24487
2012-06-12,299.4019
2012-06-13,303.57812
2012-06-14,293.14102
2012-06-15,266.91568
2012-06-16,235.74811
2012-06-17,271.0872
2012-06-18,362.11258
2012-06-19,282.8159
2012-06-20,195.76294
2012-06-21,151.13144
2012-06-22,146.95824
2012-06-23,162.96788
2012-06-24,144.26717
2012-06-25,132.92313
2012-06-26,151.12947
2012-06-27,159.97798
2012-06-28,174.02277
2012-06-29,195.88902
2012-06-30,237.48964
2012-07-01,239.31741
2012-07-02,196.9537
2012-07-03,191.4184
2012-07-04,236.3759
2012-07-05,315.72388
2012-07-06,370.56104
2012-07-07,319.82886
2012-07-08,342.7048
2012-07-09,356.2581
2012-07-10,301.98203
2012-07-11,259.0537
2012-07-12,242.7169
2012-07-13,269.7937
2012-07-14,347.96133
2012-07-15,387.52344
2012-07-16,320.84946
2012-07-17,268.30432
2012-07-18,240.2748
2012-07-19,263.33075
2012-07-20,302.34982
2012-07-21,309.7535
2012-07-22,323.82864
2012-07-23,270.95157
2012-07-24,403.94955
2012-07-25,513.8003
2012-07-26,394.56012
2012-07-27,289.707
2012-07-28,332.92972
2012-07-29,407.5001
2012-07-30,383.0804
2012-07-31,360.53342
2012-08-01,326.20468
2012-08-02,278.7002
2012-08-03,267.33765
2012-08-04,304.5121
2012-08-05,304.1869
2012-08-06,246.18034
2012-08-07,301.26294
2012-08-08,390.9449
2012-08-09,416.4951
2012-08-10,346.81567
2012-08-11,280.55988
2012-08-12,385.61343
2012-08-13,444.2317
2012-08-14,384.9548
2012-08-15,458.4783
2012-08-16,463.33853
2012-08-17,369.15588
2012-08-18,308.97476
2012-08-19,271.73462
2012-08-20,232.77989
2012-08-21,246.4917
2012-08-22,327.29935
2012-08-23,367.47736
2012-08-24,406.395
2012-08-25,399.68774
2012-08-26,296.80975
2012-08-27,241.56462
2012-08-28,221.18233
2012-08-29,207.19966
2012-08-30,208.63979
2012-08-31,197.06282
2012-09-01,218.66003
2012-09-02,242.00182
2012-09-03,223.32585
2012-09-04,218.72328
2012-09-05,252.66188
2012-09-06,286.6458
2012-09-07,269.63223
2012-09-08,249.77367
2012-09-09,206.16565
2012-09-10,169.20631
2012-09-11,150.62402
2012-09-12,150.01295
2012-09-13,244.69571
2012-09-14,345.90414
2012-09-15,293.99423
2012-09-16,224.18007
2012-09-17,186.51341
2012-09-18,176.73222
2012-09-19,207.54707
2012-09-20,209.85367
2012-09-21,199.31715
2012-09-22,227.96643
2012-09-23,217.42654
2012-09-24,210.1821
2012-09-25,227.44363
2012-09-26,234.61781
2012-09-27,203.97964
2012-09-28,167.21257
2012-09-29,148.1686
2012-09-30,140.90952
2012-10-01,174.80215
2012-10-02,170.94247
2012-10-03,178.83594
2012-10-04,216.14284
2012-10-05,222.90504
2012-10-06,235.61214
2012-10-07,508.09012
2012-10-08,672.144
2012-10-09,461.04657
2012-10-10,330.59644
2012-10-11,304.13065
2012-10-12,287.48645
2012-10-13,273.38315
2012-10-14,256.007
2012-10-15,265.52304
2012-10-16,272.21606
2012-10-17,267.522
2012-10-18,277.6793
2012-10-19,362.1104
2012-10-20,630.3377
2012-10-21,621.7649
2012-10-22,429.93088
2012-10-23,317.89655
2012-10-24,247.70659
2012-10-25,214.02309
2012-10-26,202.673
2012-10-27,161.48071
2012-10-28,152.41986
2012-10-29,144.50958
2012-10-30,122.57646
2012-10-31,152.53003
2012-11-01,235.47691
2012-11-02,320.23236
2012-11-03,293.55496
2012-11-04,208.92004
2012-11-05,173.31389
2012-11-06,177.24883
2012-11-07,203.31909
2012-11-08,221.48007
2012-11-09,202.06302
2012-11-10,165.11136
2012-11-11,169.69824
2012-11-12,205.71786
2012-11-13,203.3979
2012-11-14,159.57051
2012-11-15,120.57473
2012-11-16,110.2797
2012-11-17,134.98567
2012-11-18,198.79637
2012-11-19,298.40045
2012-11-20,273.03644
2012-11-21,192.60832
2012-11-22,136.60219
2012-11-23,121.179085
2012-11-24,238.60173
2012-11-25,219.41351
2012-11-26,168.38599
2012-11-27,236.05746
2012-11-28,315.08704
2012-11-29,252.05957
2012-11-30,181.08223
2012-12-01,155.59946
2012-12-02,140.73195
2012-12-03,116.63212
2012-12-04,123.08741
2012-12-05,140.78185
2012-12-06,126.140274
2012-12-07,127.07555
2012-12-08,112.73404
2012-12-09,92.6248
2012-12-10,85.42688
2012-12-11,124.40351
2012-12-12,181.69983
2012-12-13,241.97183
2012-12-14,301.02243
2012-12-15,288.5562
2012-12-16,246.82472
2012-12-17,176.83304
2012-12-18,144.94476
2012-12-19,161.78438
2012-12-20,162.12077
2012-12-21,257.60577
2012-12-22,337.703
2012-12-23,279.802
2012-12-24,181.89677
2012-12-25,132.60822
2012-12-26,111.92684
2012-12-27,94.48404
2012-12-28,85.96145
2012-12-29,87.05357
2012-12-30,81.724014
2012-12-31,79.96915
2013-01-01,119.308655
2013-01-02,166.1847
2013-01-03,155.46053
2013-01-04,105.439835
2013-01-05,77.001015
2013-01-06,66.03895
2013-01-07,61.69579
2013-01-08,60.13289
2013-01-09,53.42197
2013-01-10,48.326687
2013-01-11,50.636272
2013-01-12,50.037006
2013-01-13,43.461792
2013-01-14,38.25915
2013-01-15,36.352207
2013-01-16,35.49312
2013-01-17,34.17981
2013-01-18,32.226227
2013-01-19,30.979023
2013-01-20,30.027788
2013-01-21,29.234415
2013-01-22,28.453861
2013-01-23,27.223585
2013-01-24,26.371605
2013-01-25,26.198072
2013-01-26,26.879662
2013-01-27,29.335024
2013-01-28,28.75786
2013-01-29,25.47925
2013-01-30,23.023663
2013-01-31,21.93674
2013-02-01,21.285225
2013-02-02,20.820696
2013-02-03,20.631805
2013-02-04,20.566242
2013-02-05,20.45898
2013-02-06,20.733887
2013-02-07,22.742836
2013-02-08,22.926188
2013-02-09,20.832544
2013-02-10,27.345373
2013-02-11,120.19008
2013-02-12,193.9506
2013-02-13,135.06424
2013-02-14,104.82604
2013-02-15,71.54199
2013-02-16,47.06544
2013-02-17,35.547836
2013-02-18,33.909084
2013-02-19,57.07997
2013-02-20,90.52448
2013-02-21,82.54516
2013-02-22,62.94259
2013-02-23,48.378967
2013-02-24,39.10079
2013-02-25,34.336456
2013-02-26,31.271471
2013-02-27,28.862638
2013-02-28,27.422703
2013-03-01,27.451641
2013-03-02,32.22328
2013-03-03,64.9324
2013-03-04,81.10405
2013-03-05,93.589386
2013-03-06,96.48474
2013-03-07,96.10544
2013-03-08,85.214
2013-03-09,69.70585
2013-03-10,62.600243
2013-03-11,58.774033
2013-03-12,55.74567
2013-03-13,70.49291
2013-03-14,109.030975
2013-03-15,162.01044
2013-03-16,199.56253
2013-03-17,298.67184
2013-03-18,334.54993
2013-03-19,261.0083
2013-03-20,189.33983
2013-03-21,149.66891
2013-03-22,136.91743
2013-03-23,128.02046
2013-03-24,114.0529
2013-03-25,105.400894
2013-03-26,95.31509
2013-03-27,94.26598
2013-03-28,119.0419
2013-03-29,220.3106
2013-03-30,304.5343
2013-03-31,393.97464
2013-04-01,441.09552
2013-04-02,339.53397
2013-04-03,311.78906
2013-04-04,324.2144
2013-04-05,251.72995
2013-04-06,221.91936
2013-04-07,234.05577
2013-04-08,196.01956
2013-04-09,178.73958
2013-04-10,216.7413
2013-04-11,202.68419
2013-04-12,168.65436
2013-04-13,162.4501
2013-04-14,136.33347
2013-04-15,119.01008
2013-04-16,106.64788
2013-04-17,97.98537
2013-04-18,117.16361
2013-04-19,174.6525
2013-04-20,171.54715
2013-04-21,157.24376
2013-04-22,159.57817
2013-04-23,138.57036
2013-04-24,140.28348
2013-04-25,154.2179
2013-04-26,139.42119
2013-04-27,162.39626
2013-04-28,263.1031
2013-04-29,264.6869
2013-04-30,208.66191
2013-05-01,191.1432
2013-05-02,176.19923
2013-05-03,286.31726
2013-05-04,414.45688
2013-05-05,319.20572
2013-05-06,203.22041
2013-05-07,153.0041
2013-05-08,157.20465
2013-05-09,198.72337
2013-05-10,196.03566
2013-05-11,180.44026
2013-05-12,166.24165
2013-05-13,173.24307
2013-05-14,204.3228
2013-05-15,282.76678
2013-05-16,387.57043
2013-05-17,379.8674
2013-05-18,465.72064
2013-05-19,651.9808
2013-05-20,542.8548
2013-05-21,363.3193
2013-05-22,306.80573
2013-05-23,342.926
2013-05-24,322.1539
2013-05-25,325.48932
2013-05-26,341.9754
2013-05-27,317.70282
2013-05-28,432.71198
2013-05-29,475.23843
2013-05-30,503.73322
2013-05-31,463.2597
2013-06-01,426.3081
2013-06-02,1186.7
2013-06-03,1031.1333
2013-06-04,574.18494
2013-06-05,368.92706
2013-06-06,321.822
2013-06-07,355.66345
2013-06-08,339.5908
2013-06-09,275.8068
2013-06-10,246.69827
2013-06-11,243.64896
2013-06-12,305.59937
2013-06-13,336.34634
2013-06-14,295.23904
2013-06-15,301.38998
2013-06-16,410.54395
2013-06-17,360.27762
2013-06-18,307.27148
2013-06-19,372.80917
2013-06-20,445.6347
2013-06-21,414.27148
2013-06-22,384.85614
2013-06-23,389.6437
2013-06-24,346.5217
2013-06-25,286.77194
2013-06-26,330.18918
2013-06-27,323.97028
2013-06-28,246.48793
2013-06-29,218.21191
2013-06-30,322.23004
2013-07-01,329.38885
2013-07-02,306.70395
2013-07-03,299.67422
2013-07-04,348.99054
2013-07-05,397.63565
2013-07-06,399.20892
2013-07-07,355.29468
2013-07-08,254.84308
2013-07-09,223.77061
2013-07-10,249.20387
2013-07-11,310.7253
2013-07-12,316.98303
2013-07-13,264.39404
2013-07-14,234.57434
2013-07-15,173.12656
2013-07-16,129.68942
2013-07-17,124.28374
2013-07-18,149.55357
2013-07-19,190.06479
2013-07-20,250.15207
2013-07-21,295.0958
2013-07-22,380.8641
2013-07-23,467.66226
2013-07-24,428.6461
2013-07-25,347.0692
2013-07-26,315.04327
2013-07-27,356.25833
2013-07-28,440.01086
2013-07-29,378.23935
2013-07-30,378.21265
2013-07-31,425.9567
2013-08-01,357.83768
2013-08-02,301.53986
2013-08-03,264.16733
2013-08-04,251.88416
2013-08-05,351.18402
2013-08-06,426.11807
2013-08-07,351.8263
2013-08-08,246.15312
2013-08-09,197.89264
2013-08-10,217.37065
2013-08-11,348.0177
2013-08-12,694.0767
2013-08-13,741.66266
2013-08-14,656.77386
2013-08-15,446.4085
2013-08-16,319.3955
2013-08-17,304.16937
2013-08-18,325.9301
2013-08-19,314.15244
2013-08-20,323.61115
2013-08-21,433.4102
2013-08-22,481.0009
2013-08-23,415.5651
2013-08-24,353.00507
2013-08-25,300.0789
2013-08-26,252.94315
2013-08-27,238.15497
2013-08-28,336.4987
2013-08-29,364.08392
2013-08-30,325.10294
2013-08-31,356.95648
2013-09-01,338.73956
2013-09-02,341.15198
2013-09-03,315.33627
2013-09-04,291.59708
2013-09-05,361.8288
2013-09-06,430.19147
2013-09-07,374.3839
2013-09-08,299.929
2013-09-09,272.36972
2013-09-10,261.27298
2013-09-11,273.6656
2013-09-12,333.53662
2013-09-13,409.0507
2013-09-14,335.89252
2013-09-15,258.29346
2013-09-16,216.01608
2013-09-17,227.13911
2013-09-18,288.1226
2013-09-19,324.65692
2013-09-20,299.25812
2013-09-21,237.38568
2013-09-22,176.65694
2013-09-23,151.42435
2013-09-24,156.16669
2013-09-25,147.90291
2013-09-26,146.74805
2013-09-27,159.98875
2013-09-28,186.44807
2013-09-29,225.59213
2013-09-30,323.80875
2013-10-01,325.27258
2013-10-02,260.34482
2013-10-03,209.52904
2013-10-04,172.58339
2013-10-05,171.11996
2013-10-06,260.98917
2013-10-07,223.51526
2013-10-08,161.17024
2013-10-09,157.53311
2013-10-10,184.7577
2013-10-11,171.7172
2013-10-12,179.38608
2013-10-13,182.08824
2013-10-14,184.96693
2013-10-15,214.20488
2013-10-16,271.81473
2013-10-17,321.55786
2013-10-18,339.6883
2013-10-19,273.62076
2013-10-20,198.41919
2013-10-21,172.56343
2013-10-22,180.21486
2013-10-23,206.18732
2013-10-24,253.52415
2013-10-25,269.99042
2013-10-26,258.91895
2013-10-27,233.67436
2013-10-28,230.1543
2013-10-29,238.17865
2013-10-30,266.0683
2013-10-31,302.3642
2013-11-01,295.18216
2013-11-02,259.26172
2013-11-03,219.82654
2013-11-04,199.81421
2013-11-05,232.05153
2013-11-06,335.86096
2013-11-07,384.26105
2013-11-08,345.12057
2013-11-09,353.6604
2013-11-10,321.49228
2013-11-11,291.79153
2013-11-12,261.6033
2013-11-13,243.98776
2013-11-14,250.59946
2013-11-15,311.21713
2013-11-16,377.73444
2013-11-17,293.07434
2013-11-18,190.44499
2013-11-19,144.08316
2013-11-20,128.8873
2013-11-21,124.98955
2013-11-22,122.868195
2013-11-23,143.33635
2013-11-24,255.72696
2013-11-25,379.90067
2013-11-26,383.85318
2013-11-27,309.27567
2013-11-28,239.29419
2013-11-29,208.0385
2013-11-30,190.67778
2013-12-01,163.58661
2013-12-02,130.12717
2013-12-03,103.60905
2013-12-04,94.25187
2013-12-05,89.09189
2013-12-06,88.98657
2013-12-07,136.99866
2013-12-08,228.68272
2013-12-09,327.65762
2013-12-10,306.34705
2013-12-11,198.1338
2013-12-12,153.337
2013-12-13,225.22865
2013-12-14,301.27817
2013-12-15,299.63934
2013-12-16,319.39636
2013-12-17,313.02362
2013-12-18,315.08984
2013-12-19,403.97977
2013-12-20,479.11508
2013-12-21,407.36972
2013-12-22,290.1993
2013-12-23,199.18521
2013-12-24,142.8457
2013-12-25,117.07954
2013-12-26,104.785255
2013-12-27,95.55807
2013-12-28,83.946335
2013-12-29,77.21867
2013-12-30,81.03022
2013-12-31,89.78503
2014-01-01,84.40523
2014-01-02,89.32681
2014-01-03,85.75303
2014-01-04,72.151245
2014-01-05,61.996803
2014-01-06,57.189823
2014-01-07,55.356083
2014-01-08,64.40555
2014-01-09,110.48224
2014-01-10,161.01524
2014-01-11,164.53625
2014-01-12,113.88636
2014-01-13,76.297165
2014-01-14,58.347256
2014-01-15,49.499012
2014-01-16,44.170277
2014-01-17,40.661907
2014-01-18,38.30319
2014-01-19,36.410183
2014-01-20,34.801147
2014-01-21,36.879684
2014-01-22,46.79198
2014-01-23,44.013283
2014-01-24,36.75892
2014-01-25,36.402946
2014-01-26,35.38479
2014-01-27,32.129223
2014-01-28,29.416065
2014-01-29,27.590559
2014-01-30,26.870626
2014-01-31,26.4569
2014-02-01,26.772804
2014-02-02,26.23109
2014-02-03,24.20774
2014-02-04,22.497917
2014-02-05,21.834759
2014-02-06,22.170263
2014-02-07,22.23934
2014-02-08,22.553583
2014-02-09,23.613766
2014-02-10,26.018797
2014-02-11,29.041594
2014-02-12,28.194769
2014-02-13,24.901838
2014-02-14,25.33813
2014-02-15,30.90499
2014-02-16,51.639458
2014-02-17,57.293472
2014-02-18,45.316963
2014-02-19,34.24612
2014-02-20,27.076244
2014-02-21,22.963701
2014-02-22,20.311947
2014-02-23,18.516724
2014-02-24,17.476309
2014-02-25,16.86629
2014-02-26,16.009285
2014-02-27,15.031741
2014-02-28,15.027987
2014-03-01,17.042837
2014-03-02,20.10693
2014-03-03,28.496363
2014-03-04,72.50096
2014-03-05,97.093506
2014-03-06,64.70759
2014-03-07,43.29361
2014-03-08,38.37286
2014-03-09,47.43365
2014-03-10,65.174644
2014-03-11,106.68392
2014-03-12,125.786865
2014-03-13,86.09701
2014-03-14,57.477463
2014-03-15,45.446266
2014-03-16,45.285995
2014-03-17,43.68642
2014-03-18,37.748016
2014-03-19,33.018696
2014-03-20,39.198032
2014-03-21,66.08589
2014-03-22,75.96285
2014-03-23,61.80919
2014-03-24,51.18395
2014-03-25,51.956696
2014-03-26,68.086174
2014-03-27,84.97132
2014-03-28,103.66771
2014-03-29,129.7393
2014-03-30,91.554184
2014-03-31,60.538292
2014-04-01,51.684116
2014-04-02,63.38873
2014-04-03,56.304363
2014-04-04,52.192364
2014-04-05,117.127045
2014-04-06,200.75815
2014-04-07,140.89041
2014-04-08,129.52722
2014-04-09,147.10596
2014-04-10,139.6501
2014-04-11,166.75131
2014-04-12,203.55168
2014-04-13,167.66455
2014-04-14,113.84002
2014-04-15,92.10046
2014-04-16,85.907166
2014-04-17,98.322495
2014-04-18,132.10068
2014-04-19,173.97032
2014-04-20,271.04895
2014-04-21,262.38474
2014-04-22,209.04756
2014-04-23,172.6746
2014-04-24,156.10316
2014-04-25,158.04887
2014-04-26,224.43713
2014-04-27,255.57213
2014-04-28,209.1448
2014-04-29,186.79109
2014-04-30,225.39156
2014-05-01,239.62123
2014-05-02,250.79478
2014-05-03,266.5735
2014-05-04,285.17966
2014-05-05,327.4793
2014-05-06,314.01953
2014-05-07,314.1434
2014-05-08,377.5886
2014-05-09,366.2705
2014-05-10,305.95975
2014-05-11,289.24274
2014-05-12,263.88736
2014-05-13,187.43231
2014-05-14,145.52103
2014-05-15,130.70177
2014-05-16,151.32072
2014-05-17,169.12491
2014-05-18,201.01115
2014-05-19,329.8881
2014-05-20,346.68582
2014-05-21,256.34982
2014-05-22,269.17508
2014-05-23,269.8578
2014-05-24,221.6319
2014-05-25,200.70964
2014-05-26,189.27841
2014-05-27,194.94125
2014-05-28,190.69006
2014-05-29,195.97562
2014-05-30,231.17166
2014-05-31,260.38443
2014-06-01,234.26164
2014-06-02,215.96939
2014-06-03,222.51183
2014-06-04,241.13914
2014-06-05,189.38004
2014-06-06,158.83769
2014-06-07,155.95287
2014-06-08,152.36769
2014-06-09,171.18724
2014-06-10,210.98186
2014-06-11,244.43504
2014-06-12,256.3206
2014-06-13,228.52666
2014-06-14,211.86432
2014-06-15,219.01094
2014-06-16,251.57489
2014-06-17,240.14127
2014-06-18,220.21565
2014-06-19,220.88313
2014-06-20,197.28014
2014-06-21,165.84158
2014-06-22,177.84496
2014-06-23,230.60614
2014-06-24,334.82257
2014-06-25,394.83038
2014-06-26,417.68372
2014-06-27,361.03842
2014-06-28,270.56857
2014-06-29,252.29187
2014-06-30,264.34338
2014-07-01,334.41916
2014-07-02,351.02142
2014-07-03,273.50534
2014-07-04,239.15913
2014-07-05,221.47609
2014-07-06,167.26912
2014-07-07,172.63835
2014-07-08,233.17708
2014-07-09,263.52423
2014-07-10,268.56125
2014-07-11,267.57254
2014-07-12,291.87985
2014-07-13,321.83157
2014-07-14,319.80347
2014-07-15,313.2635
2014-07-16,268.9301
2014-07-17,233.37106
2014-07-18,237.46571
2014-07-19,227.88466
2014-07-20,223.63322
2014-07-21,231.59372
2014-07-22,213.62126
2014-07-23,222.89142
2014-07-24,218.61514
2014-07-25,243.70947
2014-07-26,250.29399
2014-07-27,203.67677
2014-07-28,273.66302
2014-07-29,359.44855
2014-07-30,357.3386
2014-07-31,319.51596
2014-08-01,243.15332
2014-08-02,205.2961
2014-08-03,196.8493
2014-08-04,255.12202
2014-08-05,254.96823
2014-08-06,214.17078
2014-08-07,183.29242
2014-08-08,264.90137
2014-08-09,322.20566
2014-08-10,273.4132
2014-08-11,297.5172
2014-08-12,284.90805
2014-08-13,204.48547
2014-08-14,179.192
2014-08-15,232.88983
2014-08-16,335.14835
2014-08-17,368.388
2014-08-18,341.7026
2014-08-19,372.7727
2014-08-20,446.83057
2014-08-21,440.7756
2014-08-22,395.35654
2014-08-23,364.86182
2014-08-24,308.93475
2014-08-25,236.11095
2014-08-26,187.35945
2014-08-27,186.09784
2014-08-28,222.08488
2014-08-29,286.39893
2014-08-30,331.47528
2014-08-31,270.50143
2014-09-01,243.28175
2014-09-02,220.55862
2014-09-03,190.96628
2014-09-04,202.07314
2014-09-05,237.2051
2014-09-06,247.76094
2014-09-07,234.52449
2014-09-08,199.3615
2014-09-09,175.34605
2014-09-10,182.0304
2014-09-11,225.19533
2014-09-12,230.66245
2014-09-13,215.72081
2014-09-14,222.61758
2014-09-15,255.64545
2014-09-16,284.37363
2014-09-17,351.05173
2014-09-18,350.61728
2014-09-19,296.2502
2014-09-20,306.71075
2014-09-21,401.54794
2014-09-22,429.1156
2014-09-23,361.1712
2014-09-24,299.96664
2014-09-25,248.3226
2014-09-26,211.57256
2014-09-27,195.20728
2014-09-28,175.6324
2014-09-29,173.54475
2014-09-30,160.45412
2014-10-01,125.58957
2014-10-02,111.932594
2014-10-03,132.23448
2014-10-04,161.91035
2014-10-05,174.0306
2014-10-06,160.9759
2014-10-07,188.46004
2014-10-08,230.56424
2014-10-09,251.03644
2014-10-10,460.4049
2014-10-11,658.3722
2014-10-12,532.3753
2014-10-13,361.4817
2014-10-14,251.30482
2014-10-15,213.3894
2014-10-16,213.44653
2014-10-17,181.32599
2014-10-18,170.45804
2014-10-19,203.90987
2014-10-20,231.60312
2014-10-21,254.43152
2014-10-22,249.04135
2014-10-23,205.30635
2014-10-24,171.39026
2014-10-25,164.7626
2014-10-26,163.47832
2014-10-27,337.99573
2014-10-28,899.7674
2014-10-29,755.8697
2014-10-30,428.69534
2014-10-31,270.52594
2014-11-01,259.09097
2014-11-02,429.5268
2014-11-03,351.07504
2014-11-04,277.71365
2014-11-05,308.39423
2014-11-06,283.90286
2014-11-07,194.75024
2014-11-08,148.0697
2014-11-09,131.10753
2014-11-10,132.57466
2014-11-11,145.28644
2014-11-12,205.65318
2014-11-13,323.81232
2014-11-14,566.22766
2014-11-15,822.2597
2014-11-16,697.04407
2014-11-17,497.40112
2014-11-18,384.05832
2014-11-19,301.82706
2014-11-20,234.36102
2014-11-21,270.64804
2014-11-22,324.84177
2014-11-23,261.3622
2014-11-24,218.38913
2014-11-25,205.3537
2014-11-26,215.38686
2014-11-27,311.53113
2014-11-28,436.93842
2014-11-29,353.4704
2014-11-30,250.2042
2014-12-01,227.7002
2014-12-02,240.84009
2014-12-03,215.71698
2014-12-04,173.18874
2014-12-05,136.6925
2014-12-06,111.93422
2014-12-07,112.35666
2014-12-08,136.4826
2014-12-09,147.28061
2014-12-10,159.84416
2014-12-11,185.24803
2014-12-12,184.77246
2014-12-13,187.06297
2014-12-14,193.59735
2014-12-15,205.89972
2014-12-16,191.3062
2014-12-17,152.70204
2014-12-18,133.89366
2014-12-19,144.43394
2014-12-20,157.19516
2014-12-21,170.93082
2014-12-22,217.90413
2014-12-23,262.23584
2014-12-24,165.07964
2014-12-25,111.29863
2014-12-26,100.393005
2014-12-27,87.43265
2014-12-28,79.11575
2014-12-29,73.389046
2014-12-30,93.63545
2014-12-31,139.7295
2015-01-01,129.82964
2015-01-02,111.036476
2015-01-03,98.273964
2015-01-04,170.14938
2015-01-05,277.1361
2015-01-06,247.11613
2015-01-07,193.84915
2015-01-08,168.79384
2015-01-09,135.66792
2015-01-10,97.02264
2015-01-11,77.68381
2015-01-12,70.69164
2015-01-13,69.96617
2015-01-14,78.17409
2015-01-15,68.645355
2015-01-16,59.760788
2015-01-17,55.548096
2015-01-18,54.08229
2015-01-19,64.29747
2015-01-20,104.75842
2015-01-21,147.8033
2015-01-22,99.89087
2015-01-23,75.96292
2015-01-24,98.04723
2015-01-25,94.53207
2015-01-26,75.00736
2015-01-27,60.91028
2015-01-28,51.54384
2015-01-29,48.216484
2015-01-30,56.957294
2015-01-31,52.839096
2015-02-01,43.69372
2015-02-02,53.02962
2015-02-03,79.41485
2015-02-04,85.9333
2015-02-05,86.20513
2015-02-06,83.249306
2015-02-07,68.14866
2015-02-08,81.13761
2015-02-09,116.54894
2015-02-10,100.22162
2015-02-11,80.278114
2015-02-12,68.35846
2015-02-13,58.265118
2015-02-14,48.137222
2015-02-15,43.729645
2015-02-16,45.824123
2015-02-17,53.24937
2015-02-18,51.71617
2015-02-19,42.889206
2015-02-20,37.525333
2015-02-21,45.658764
2015-02-22,64.59073
2015-02-23,57.337086
2015-02-24,43.25698
2015-02-25,36.36586
2015-02-26,33.09286
2015-02-27,30.936258
2015-02-28,30.361317
2015-03-01,34.765633
2015-03-02,45.421497
2015-03-03,50.67686
2015-03-04,41.10824
2015-03-05,31.021847
2015-03-06,26.338135
2015-03-07,24.51176
2015-03-08,23.109676
2015-03-09,21.975855
2015-03-10,21.24266
2015-03-11,20.813934
2015-03-12,21.331575
2015-03-13,21.881168
2015-03-14,21.517004
2015-03-15,22.132069
2015-03-16,22.399826
2015-03-17,22.749128
2015-03-18,24.887117
2015-03-19,25.29557
2015-03-20,38.763226
2015-03-21,117.4005
2015-03-22,251.78363
2015-03-23,249.89232
2015-03-24,175.3952
2015-03-25,165.97002
2015-03-26,130.64696
2015-03-27,143.02072
2015-03-28,134.6857
2015-03-29,109.365425
2015-03-30,151.16153
2015-03-31,187.10623
2015-04-01,165.32721
2015-04-02,134.57796
2015-04-03,100.93253
2015-04-04,135.64085
2015-04-05,270.74738
2015-04-06,427.3273
2015-04-07,464.28568
2015-04-08,357.83826
2015-04-09,277.9112
2015-04-10,223.74594
2015-04-11,167.01268
2015-04-12,139.12894
2015-04-13,129.06076
2015-04-14,119.36502
2015-04-15,122.03042
2015-04-16,166.81099
2015-04-17,209.11757
2015-04-18,226.66347
2015-04-19,272.83353
2015-04-20,272.49377
2015-04-21,230.67528
2015-04-22,210.95792
2015-04-23,253.39789
2015-04-24,257.86166
2015-04-25,179.93683
2015-04-26,136.63048
2015-04-27,126.8095
2015-04-28,127.70826
2015-04-29,142.66866
2015-04-30,138.22916
2015-05-01,111.72444
2015-05-02,119.00728
2015-05-03,173.96912
2015-05-04,215.32587
2015-05-05,221.2499
2015-05-06,283.2584
2015-05-07,323.65363
2015-05-08,330.8916
2015-05-09,291.53647
2015-05-10,219.61827
2015-05-11,203.36975
2015-05-12,197.24216
2015-05-13,196.62772
2015-05-14,162.42456
2015-05-15,137.82716
2015-05-16,156.18982
2015-05-17,170.43338
2015-05-18,183.80676
2015-05-19,225.11801
2015-05-20,228.86029
2015-05-21,200.72113
2015-05-22,208.30125
2015-05-23,211.82535
2015-05-24,225.64632
2015-05-25,540.76794
2015-05-26,589.1999
2015-05-27,406.95145
2015-05-28,313.66116
2015-05-29,281.6652
2015-05-30,272.26443
2015-05-31,258.50723
2015-06-01,240.25189
2015-06-02,208.34709
2015-06-03,197.52095
2015-06-04,233.0617
2015-06-05,307.82272
2015-06-06,324.81754
2015-06-07,258.6801
2015-06-08,235.78136
2015-06-09,288.94366
2015-06-10,580.5088
2015-06-11,667.1953
2015-06-12,463.42258
2015-06-13,361.40668
2015-06-14,328.65314
2015-06-15,289.16315
2015-06-16,291.50378
2015-06-17,350.44662
2015-06-18,374.4986
2015-06-19,315.90762
2015-06-20,251.86421
2015-06-21,243.08652
2015-06-22,290.1497
2015-06-23,310.80682
2015-06-24,301.7417
2015-06-25,283.0371
2015-06-26,339.75937
2015-06-27,343.03757
2015-06-28,267.73218
2015-06-29,307.50085
2015-06-30,356.41135
2015-07-01,292.61285
2015-07-02,193.97903
2015-07-03,173.90761
2015-07-04,177.00095
2015-07-05,144.64276
2015-07-06,127.90966
2015-07-07,201.39905
2015-07-08,327.35727
2015-07-09,345.47083
2015-07-10,337.4196
2015-07-11,383.6859
2015-07-12,359.31116
2015-07-13,259.28778
2015-07-14,196.96593
2015-07-15,189.62358
2015-07-16,216.36783
2015-07-17,245.19841
2015-07-18,255.55472
2015-07-19,299.80075
2015-07-20,305.90903
2015-07-21,330.18692
2015-07-22,383.78015
2015-07-23,416.00278
2015-07-24,460.0765
2015-07-25,421.60657
2015-07-26,327.08655
2015-07-27,236.6585
2015-07-28,180.00513
2015-07-29,174.8056
2015-07-30,202.16841
2015-07-31,260.79657
2015-08-01,291.9097
2015-08-02,258.6833
2015-08-03,268.3043
2015-08-04,284.42252
2015-08-05,245.71571
2015-08-06,245.64772
2015-08-07,249.9609
2015-08-08,194.5901
2015-08-09,203.61752
2015-08-10,367.7473
2015-08-11,408.08032
2015-08-12,316.84225
2015-08-13,302.36108
2015-08-14,333.72617
2015-08-15,313.99857
2015-08-16,282.71588
2015-08-17,317.9038
2015-08-18,354.67596
2015-08-19,390.12466
2015-08-20,390.98776
2015-08-21,322.72787
2015-08-22,339.32663
2015-08-23,406.0668
2015-08-24,398.47095
2015-08-25,479.02274
2015-08-26,449.59607
2015-08-27,335.09775
2015-08-28,296.49808
2015-08-29,273.52835
2015-08-30,287.95596
2015-08-31,321.19983
2015-09-01,287.72083
2015-09-02,295.89584
2015-09-03,313.67868
2015-09-04,276.23178
2015-09-05,221.89207
2015-09-06,220.93599
2015-09-07,248.7208
2015-09-08,216.74535
2015-09-09,238.60197
2015-09-10,278.32388
2015-09-11,253.01746
2015-09-12,275.74432
2015-09-13,264.40274
2015-09-14,208.66357
2015-09-15,176.51273
2015-09-16,203.84604
2015-09-17,222.44357
2015-09-18,171.24696
2015-09-19,139.53258
2015-09-20,146.38016
2015-09-21,159.7909
2015-09-22,162.50644
2015-09-23,147.42844
2015-09-24,137.33444
2015-09-25,130.75287
2015-09-26,127.027466
2015-09-27,119.17923
2015-09-28,109.588615
2015-09-29,105.71591
2015-09-30,100.016884
2015-10-01,103.11576
2015-10-02,109.555954
2015-10-03,126.47761
2015-10-04,121.5763
2015-10-05,105.177765
2015-10-06,112.914536
2015-10-07,141.97263
2015-10-08,178.04454
2015-10-09,166.42749
2015-10-10,168.39786
2015-10-11,185.21294
2015-10-12,182.95413
2015-10-13,205.29303
2015-10-14,254.57712
2015-10-15,509.31305
2015-10-16,620.0459
2015-10-17,488.96048
2015-10-18,398.50458
2015-10-19,282.87805
2015-10-20,257.43756
2015-10-21,286.68997
2015-10-22,282.48044
2015-10-23,260.932
2015-10-24,187.19907
2015-10-25,152.52426
2015-10-26,173.43924
2015-10-27,182.15247
2015-10-28,161.12
2015-10-29,143.57356
2015-10-30,160.8468
2015-10-31,178.06694
2015-11-01,172.08815
2015-11-02,171.9385
2015-11-03,207.38911
2015-11-04,368.87924
2015-11-05,372.78992
2015-11-06,545.4913
2015-11-07,587.8558
2015-11-08,437.51633
2015-11-09,347.17532
2015-11-10,279.7834
2015-11-11,251.03804
2015-11-12,240.46608
2015-11-13,218.91579
2015-11-14,200.85501
2015-11-15,213.42578
2015-11-16,225.49655
2015-11-17,209.76703
2015-11-18,211.14603
2015-11-19,275.81732
2015-11-20,250.66586
2015-11-21,191.88602
2015-11-22,167.21355
2015-11-23,133.87299
2015-11-24,120.807915
2015-11-25,155.9065
2015-11-26,264.74515
2015-11-27,350.57446
2015-11-28,296.50037
2015-11-29,195.57362
2015-11-30,136.2524
2015-12-01,106.830124
2015-12-02,108.53361
2015-12-03,129.55167
2015-12-04,117.006035
2015-12-05,110.311806
2015-12-06,110.355415
2015-12-07,174.91219
2015-12-08,235.49223
2015-12-09,152.22353
2015-12-10,102.81646
2015-12-11,85.81634
2015-12-12,79.23023
2015-12-13,81.17783
2015-12-14,73.94712
2015-12-15,68.25821
2015-12-16,72.913635
2015-12-17,70.2321
2015-12-18,63.482815
2015-12-19,71.590355
2015-12-20,83.66765
2015-12-21,119.70682
2015-12-22,138.14235
2015-12-23,99.0549
2015-12-24,71.38012
2015-12-25,65.21653
2015-12-26,73.3246
2015-12-27,71.98897
2015-12-28,58.48338
2015-12-29,48.666817
2015-12-30,44.363335
2015-12-31,43.96242
2016-01-01,47.66731
2016-01-02,47.95787
2016-01-03,45.571102
2016-01-04,42.47241
2016-01-05,38.96246
2016-01-06,35.943794
2016-01-07,34.459206
2016-01-08,33.948563
2016-01-09,32.719566
2016-01-10,32.97437
2016-01-11,35.198326
2016-01-12,38.239586
2016-01-13,38.362442
2016-01-14,35.11688
2016-01-15,34.69168
2016-01-16,32.79472
2016-01-17,28.60057
2016-01-18,25.78311
2016-01-19,24.404215
2016-01-20,23.826591
2016-01-21,23.809082
2016-01-22,23.458092
2016-01-23,22.283709
2016-01-24,21.025503
2016-01-25,20.488823
2016-01-26,20.99516
2016-01-27,20.755638
2016-01-28,19.67609
2016-01-29,18.417002
2016-01-30,17.895943
2016-01-31,17.901949
2016-02-01,20.926458
2016-02-02,22.318907
2016-02-03,19.621916
2016-02-04,16.946537
2016-02-05,15.761544
2016-02-06,15.57586
2016-02-07,15.403729
2016-02-08,14.72695
2016-02-09,14.62985
2016-02-10,14.452261
2016-02-11,15.365638
2016-02-12,16.85929
2016-02-13,19.2099
2016-02-14,19.074007
2016-02-15,16.127836
2016-02-16,13.523341
2016-02-17,12.100664
2016-02-18,11.478289
2016-02-19,11.687338
2016-02-20,12.767828
2016-02-21,13.928932
2016-02-22,13.626096
2016-02-23,12.195409
2016-02-24,10.907846
2016-02-25,10.19651
2016-02-26,9.882144
2016-02-27,10.374581
2016-02-28,13.350256
2016-02-29,14.842567
2016-03-01,13.380742
2016-03-02,11.325831
2016-03-03,9.989721
2016-03-04,9.735049
2016-03-05,13.317942
2016-03-06,15.936016
2016-03-07,14.141485
2016-03-08,14.658732
2016-03-09,18.205557
2016-03-10,21.746765
2016-03-11,21.087135
2016-03-12,16.93739
2016-03-13,13.421539
2016-03-14,11.455922
2016-03-15,10.419466
2016-03-16,9.731593
2016-03-17,9.172043
2016-03-18,8.682786
2016-03-19,8.916976
2016-03-20,12.209855
2016-03-21,14.672527
2016-03-22,13.992138
2016-03-23,16.5723
2016-03-24,32.268333
2016-03-25,34.472313
2016-03-26,24.59123
2016-03-27,18.171911
2016-03-28,14.944766
2016-03-29,12.990818
2016-03-30,11.633222
2016-03-31,10.679211
2016-04-01,10.118931
2016-04-02,9.811274
2016-04-03,9.732706
2016-04-04,9.940955
2016-04-05,10.447458
2016-04-06,10.9301605
2016-04-07,12.053524
2016-04-08,14.128191
2016-04-09,16.76667
2016-04-10,16.837585
2016-04-11,15.394223
2016-04-12,17.609354
2016-04-13,23.704912
2016-04-14,28.448477
2016-04-15,48.402916
2016-04-16,47.623814
2016-04-17,33.477123
2016-04-18,25.04798
2016-04-19,22.278904
2016-04-20,22.561632
2016-04-21,21.582163
2016-04-22,24.162876
2016-04-23,57.40816
2016-04-24,101.034035
2016-04-25,98.98807
2016-04-26,194.60286
2016-04-27,278.4936
2016-04-28,292.30585
2016-04-29,299.43442
2016-04-30,285.27747
2016-05-01,307.59955
2016-05-02,348.41467
2016-05-03,321.99777
2016-05-04,279.28555
2016-05-05,237.23195
2016-05-06,218.37196
2016-05-07,336.96848
2016-05-08,483.97388
2016-05-09,455.53516
2016-05-10,341.6643
2016-05-11,290.67047
2016-05-12,266.77563
2016-05-13,214.69118
2016-05-14,172.85933
2016-05-15,154.51007
2016-05-16,146.56218
2016-05-17,184.72325
2016-05-18,250.1528
2016-05-19,259.19135
2016-05-20,281.86795
2016-05-21,450.206
2016-05-22,505.0481
2016-05-23,454.04254
2016-05-24,365.10568
2016-05-25,253.26442
2016-05-26,209.47844
2016-05-27,237.05888
2016-05-28,253.5734
2016-05-29,204.68794
2016-05-30,166.8362
2016-05-31,153.36978
2016-06-01,152.94116
2016-06-02,173.40091
2016-06-03,213.5502
2016-06-04,319.41284
2016-06-05,351.8277
2016-06-06,275.3657
2016-06-07,207.36235
2016-06-08,183.64513
2016-06-09,175.879
2016-06-10,175.62286
2016-06-11,288.25745
2016-06-12,351.03372
2016-06-13,250.44986
2016-06-14,201.81386
2016-06-15,201.94487
2016-06-16,241.79213
2016-06-17,285.00827
2016-06-18,240.76468
2016-06-19,181.23685
2016-06-20,199.31137
2016-06-21,259.86472
2016-06-22,284.15826
2016-06-23,304.56473
2016-06-24,310.4203
2016-06-25,288.8724
2016-06-26,274.45416
2016-06-27,240.6078
2016-06-28,221.22365
2016-06-29,181.20966
2016-06-30,180.62811
2016-07-01,251.82265
2016-07-02,299.77814
2016-07-03,272.16013
2016-07-04,204.346
2016-07-05,179.64665
2016-07-06,251.79974
2016-07-07,325.66855
2016-07-08,549.2421
2016-07-09,558.3259
2016-07-10,394.47693
2016-07-11,278.99988
2016-07-12,306.87897
2016-07-13,342.2655
2016-07-14,318.68576
2016-07-15,353.7415
2016-07-16,402.9975
2016-07-17,549.7701
2016-07-18,648.8217
2016-07-19,563.20215
2016-07-20,426.55643
2016-07-21,314.89868
2016-07-22,257.92694
2016-07-23,277.77148
2016-07-24,317.24927
2016-07-25,312.94864
2016-07-26,330.3857
2016-07-27,358.46292
2016-07-28,360.08987
2016-07-29,324.0713
2016-07-30,290.81335
2016-07-31,286.10266
2016-08-01,244.45789
2016-08-02,234.20963
2016-08-03,235.4201
2016-08-04,231.87108
2016-08-05,242.38918
2016-08-06,219.8001
2016-08-07,196.78358
2016-08-08,172.83252
2016-08-09,153.53117
2016-08-10,143.89021
2016-08-11,185.53192
2016-08-12,225.008
2016-08-13,185.16171
2016-08-14,180.60754
2016-08-15,222.58076
2016-08-16,227.01839
2016-08-17,173.43935
2016-08-18,163.84352
2016-08-19,200.05609
2016-08-20,242.23671
2016-08-21,276.1961
2016-08-22,236.73512
2016-08-23,229.8365
2016-08-24,252.1847
2016-08-25,251.24384
2016-08-26,263.23672
2016-08-27,251.4393
2016-08-28,253.11359
2016-08-29,225.3528
2016-08-30,189.26447
2016-08-31,210.3896
2016-09-01,240.0391
2016-09-02,246.69858
2016-09-03,399.5412
2016-09-04,465.08417
2016-09-05,362.82178
2016-09-06,357.2733
2016-09-07,332.99753
2016-09-08,291.80472
2016-09-09,289.35364
2016-09-10,245.59477
2016-09-11,219.53899
2016-09-12,225.38037
2016-09-13,232.32611
2016-09-14,324.99734
2016-09-15,420.1704
2016-09-16,375.75455
2016-09-17,329.12195
2016-09-18,311.457
2016-09-19,304.33704
2016-09-20,273.72568
2016-09-21,226.6861
2016-09-22,190.98251
2016-09-23,180.10767
2016-09-24,163.59184
2016-09-25,157.37749
2016-09-26,172.55142
2016-09-27,171.49202
2016-09-28,168.31686
2016-09-29,158.15128
2016-09-30,130.02513
2016-10-01,116.53443
2016-10-02,186.56337
2016-10-03,336.22443
2016-10-04,327.9084
2016-10-05,230.60254
2016-10-06,171.06537
2016-10-07,155.59969
2016-10-08,160.51224
2016-10-09,268.59064
2016-10-10,379.14108
2016-10-11,331.02823
2016-10-12,266.59995
2016-10-13,233.74869
2016-10-14,325.8091
2016-10-15,292.2778
2016-10-16,231.70242
2016-10-17,207.3383
2016-10-18,229.79227
2016-10-19,360.20798
2016-10-20,319.0534
2016-10-21,237.33878
2016-10-22,193.09885
2016-10-23,183.96027
2016-10-24,185.65312
2016-10-25,209.22034
2016-10-26,289.71246
2016-10-27,351.71893
2016-10-28,319.12872
2016-10-29,284.2985
2016-10-30,272.2151
2016-10-31,300.06848
2016-11-01,267.99234
2016-11-02,244.28111
2016-11-03,290.05765
2016-11-04,297.04767
2016-11-05,249.89476
2016-11-06,214.77011
2016-11-07,197.70773
2016-11-08,178.16684
2016-11-09,167.50523
2016-11-10,151.68967
2016-11-11,138.935
2016-11-12,147.95227
2016-11-13,256.00726
2016-11-14,329.27747
2016-11-15,372.43195
2016-11-16,685.99115
2016-11-17,651.82776
2016-11-18,396.86542
2016-11-19,257.7618
2016-11-20,240.3854
2016-11-21,583.7743
2016-11-22,629.683
2016-11-23,398.7711
2016-11-24,259.88168
2016-11-25,217.64143
2016-11-26,203.66495
2016-11-27,237.9206
2016-11-28,280.45242
2016-11-29,270.39243
2016-11-30,226.10292
2016-12-01,184.47548
2016-12-02,149.73409
2016-12-03,129.05237
2016-12-04,131.05168
2016-12-05,192.70067
2016-12-06,242.34377
2016-12-07,209.02187
2016-12-08,212.60233
2016-12-09,230.97311
2016-12-10,250.25827
2016-12-11,286.28287
2016-12-12,375.62723
2016-12-13,559.85223
2016-12-14,467.85437
2016-12-15,292.59534
2016-12-16,201.52116
2016-12-17,156.60817
2016-12-18,138.56648
2016-12-19,154.34149
2016-12-20,208.53528
2016-12-21,232.63002
2016-12-22,197.95677
2016-12-23,141.57243
2016-12-24,107.288536
2016-12-25,100.78112
2016-12-26,148.07445
2016-12-27,235.08952
2016-12-28,278.80396
2016-12-29,242.59567
2016-12-30,154.66106
2016-12-31,106.67554
2017-01-01,91.65228
2017-01-02,125.757744
2017-01-03,172.62106
2017-01-04,122.02887
2017-01-05,82.214905
2017-01-06,69.64797
2017-01-07,64.586784
2017-01-08,61.034424
2017-01-09,64.26059
2017-01-10,89.44672
2017-01-11,122.76002
2017-01-12,93.659004
2017-01-13,65.02673
2017-01-14,55.83886
2017-01-15,54.28642
2017-01-16,50.109898
2017-01-17,44.777325
2017-01-18,40.855225
2017-01-19,38.501213
2017-01-20,37.494106
2017-01-21,35.97814
2017-01-22,33.967445
2017-01-23,33.22465
2017-01-24,32.80812
2017-01-25,30.623919
2017-01-26,28.357615
2017-01-27,28.303871
2017-01-28,30.99762
2017-01-29,30.616364
2017-01-30,27.078339
2017-01-31,24.32051
2017-02-01,23.927294
2017-02-02,26.308004
2017-02-03,28.894104
2017-02-04,27.710955
2017-02-05,24.526228
2017-02-06,21.940323
2017-02-07,20.561207
2017-02-08,19.560356
2017-02-09,18.553205
2017-02-10,18.283558
2017-02-11,18.34702
2017-02-12,18.15267
2017-02-13,17.32098
2017-02-14,16.5011
2017-02-15,15.781077
2017-02-16,15.186939
2017-02-17,14.966681
2017-02-18,17.514158
2017-02-19,19.79858
2017-02-20,18.547636
2017-02-21,16.066696
2017-02-22,14.32585
2017-02-23,13.430571
2017-02-24,13.113091
2017-02-25,12.672672
2017-02-26,12.03683
2017-02-27,11.549506
2017-02-28,11.55477
2017-03-01,12.010071
2017-03-02,12.052526
2017-03-03,11.765961
2017-03-04,13.122773
2017-03-05,14.586351
2017-03-06,14.691083
2017-03-07,15.522236
2017-03-08,14.641154
2017-03-09,18.49208
2017-03-10,44.04137
2017-03-11,61.64241
2017-03-12,46.145
2017-03-13,36.258263
2017-03-14,57.48125
2017-03-15,70.32402
2017-03-16,77.91481
2017-03-17,64.863594
2017-03-18,50.29095
2017-03-19,39.54516
2017-03-20,30.959267
2017-03-21,25.923792
2017-03-22,24.161646
2017-03-23,23.696728
2017-03-24,24.595982
2017-03-25,34.849728
2017-03-26,46.1682
2017-03-27,48.338192
2017-03-28,45.0211
2017-03-29,38.913734
2017-03-30,41.270714
2017-03-31,56.308926
2017-04-01,97.23833
2017-04-02,146.47697
2017-04-03,130.56262
2017-04-04,108.66581
2017-04-05,89.12795
2017-04-06,70.827225
2017-04-07,57.331142
2017-04-08,49.744755
2017-04-09,45.277634
2017-04-10,46.343235
2017-04-11,67.43966
2017-04-12,72.19034
2017-04-13,63.84944
2017-04-14,53.56926
2017-04-15,45.30324
2017-04-16,42.796867
2017-04-17,51.014347
2017-04-18,59.116806
2017-04-19,59.2932
2017-04-20,64.17806
2017-04-21,72.123405
2017-04-22,88.87634
2017-04-23,86.529144
2017-04-24,64.89538
2017-04-25,56.06332
2017-04-26,77.55732
2017-04-27,102.3923
2017-04-28,86.52516
2017-04-29,87.30553
2017-04-30,115.59303
2017-05-01,103.96729
2017-05-02,122.92893
2017-05-03,147.0839
2017-05-04,180.701
2017-05-05,235.14217
2017-05-06,199.29288
2017-05-07,186.84402
2017-05-08,247.2648
2017-05-09,248.42094
2017-05-10,272.2553
2017-05-11,353.33154
2017-05-12,401.69174
2017-05-13,422.8778
2017-05-14,367.42407
2017-05-15,259.55273
2017-05-16,206.43112
2017-05-17,283.20685
2017-05-18,306.26477
2017-05-19,250.53268
2017-05-20,219.2863
2017-05-21,211.93202
2017-05-22,271.77185
2017-05-23,293.75107
2017-05-24,254.42851
2017-05-25,214.70036
2017-05-26,235.69008
2017-05-27,282.13544
2017-05-28,263.943
2017-05-29,245.53284
2017-05-30,208.34976
2017-05-31,180.11354
2017-06-01,206.17856
2017-06-02,229.66943
2017-06-03,287.5627
2017-06-04,408.803
2017-06-05,354.0907
2017-06-06,288.29608
2017-06-07,280.29364
2017-06-08,293.30292
2017-06-09,418.59985
2017-06-10,478.67484
2017-06-11,374.95074
2017-06-12,304.45483
2017-06-13,380.21182
2017-06-14,405.55487
2017-06-15,328.73032
2017-06-16,273.53052
2017-06-17,278.57007
2017-06-18,299.21216
2017-06-19,408.4892
2017-06-20,493.39288
2017-06-21,453.34525
2017-06-22,396.39868
2017-06-23,331.35812
2017-06-24,267.26175
2017-06-25,235.5691
2017-06-26,235.29764
2017-06-27,331.10214
2017-06-28,426.79315
2017-06-29,366.61963
2017-06-30,335.8094
2017-07-01,413.7845
2017-07-02,368.7207
2017-07-03,272.84894
2017-07-04,273.05295
2017-07-05,349.4755
2017-07-06,340.83582
2017-07-07,307.42947
2017-07-08,319.9278
2017-07-09,279.39304
2017-07-10,233.75482
2017-07-11,231.44603
2017-07-12,220.82216
2017-07-13,209.96169
2017-07-14,218.01807
2017-07-15,261.40375
2017-07-16,291.1864
2017-07-17,251.79051
2017-07-18,243.84581
2017-07-19,358.20844
2017-07-20,444.48605
2017-07-21,443.33643
2017-07-22,383.3357
2017-07-23,331.23096
2017-07-24,323.94278
2017-07-25,284.93713
2017-07-26,296.52158
2017-07-27,356.29532
2017-07-28,340.04715
2017-07-29,296.32516
2017-07-30,272.2147
2017-07-31,243.63538
2017-08-01,242.19025
2017-08-02,236.61325
2017-08-03,203.25603
2017-08-04,187.45218
2017-08-05,236.50607
2017-08-06,282.57275
2017-08-07,274.88553
2017-08-08,258.48962
2017-08-09,247.4738
2017-08-10,205.57924
2017-08-11,195.07828
2017-08-12,248.34874
2017-08-13,332.54904
2017-08-14,331.6924
2017-08-15,259.89966
2017-08-16,198.44862
2017-08-17,240.626
2017-08-18,293.03635
2017-08-19,239.77032
2017-08-20,263.94623
2017-08-21,352.58536
2017-08-22,322.37137
2017-08-23,267.51816
2017-08-24,269.90585
2017-08-25,263.01422
2017-08-26,395.35648
2017-08-27,460.9776
2017-08-28,335.02527
2017-08-29,255.52074
2017-08-30,280.89896
2017-08-31,346.03992
2017-09-01,338.60013
2017-09-02,281.89963
2017-09-03,243.8287
2017-09-04,211.66458
2017-09-05,193.43526
2017-09-06,170.04378
2017-09-07,152.82301
2017-09-08,167.97278
2017-09-09,195.65477
2017-09-10,311.37817
2017-09-11,434.20663
2017-09-12,351.7353
2017-09-13,251.0727
2017-09-14,220.60231
2017-09-15,203.42093
2017-09-16,235.61449
2017-09-17,250.27917
2017-09-18,257.7351
2017-09-19,249.33229
2017-09-20,205.2885
2017-09-21,184.3812
2017-09-22,176.67592
2017-09-23,175.06407
2017-09-24,179.20172
2017-09-25,205.32901
2017-09-26,297.3137
2017-09-27,342.82587
2017-09-28,292.60373
2017-09-29,259.07617
2017-09-30,382.11597
2017-10-01,452.20786
2017-10-02,399.921
2017-10-03,301.0715
2017-10-04,273.34833
2017-10-05,289.52646
2017-10-06,315.15146
2017-10-07,372.52945
2017-10-08,308.12662
2017-10-09,217.11337
2017-10-10,167.8101
2017-10-11,143.64125
2017-10-12,126.55863
2017-10-13,118.65051
2017-10-14,128.58243
2017-10-15,145.79953
2017-10-16,140.43124
2017-10-17,112.33541
2017-10-18,111.38692
2017-10-19,141.09337
2017-10-20,153.50127
2017-10-21,159.85632
2017-10-22,135.67838
2017-10-23,193.8386
2017-10-24,260.9115
2017-10-25,219.79
2017-10-26,191.08763
2017-10-27,185.99232
2017-10-28,191.12881
2017-10-29,198.26302
2017-10-30,216.44661
2017-10-31,224.59349
2017-11-01,196.91843
2017-11-02,164.72827
2017-11-03,128.75174
2017-11-04,101.97534
2017-11-05,108.34552
2017-11-06,152.80078
2017-11-07,137.75754
2017-11-08,122.15374
2017-11-09,133.74738
2017-11-10,143.34279
2017-11-11,164.46745
2017-11-12,160.63542
2017-11-13,145.1926
2017-11-14,131.88219
2017-11-15,147.64671
2017-11-16,170.83437
2017-11-17,151.09735
2017-11-18,127.476036
2017-11-19,131.99121
2017-11-20,148.86198
2017-11-21,124.188576
2017-11-22,114.231865
2017-11-23,167.01561
2017-11-24,188.7615
2017-11-25,169.1478
2017-11-26,174.39563
2017-11-27,153.62575
2017-11-28,130.39474
2017-11-29,112.001595
2017-11-30,110.24737
2017-12-01,135.74838
2017-12-02,114.488205
2017-12-03,117.307724
2017-12-04,142.87631
2017-12-05,148.28397
2017-12-06,155.94914
2017-12-07,181.76767
2017-12-08,193.30028
2017-12-09,156.55452
2017-12-10,128.9226
2017-12-11,128.77737
2017-12-12,161.60083
2017-12-13,191.13899
2017-12-14,145.42128
2017-12-15,106.26757
2017-12-16,86.9371
2017-12-17,76.58966
2017-12-18,72.649574
2017-12-19,75.721085
2017-12-20,75.29631
2017-12-21,76.72014
2017-12-22,72.08114
2017-12-23,61.441277
2017-12-24,57.6563
2017-12-25,68.96089
2017-12-26,75.46664
2017-12-27,66.92071
2017-12-28,58.723515
2017-12-29,57.2129
2017-12-30,52.35798
2017-12-31,62.83636
2018-01-01,116.1365
2018-01-02,129.36975
2018-01-03,177.13457
2018-01-04,182.85233
2018-01-05,142.64294
2018-01-06,105.050476
2018-01-07,82.99558
2018-01-08,87.103905
2018-01-09,109.49229
2018-01-10,94.21455
2018-01-11,75.119804
2018-01-12,66.49123
2018-01-13,61.386467
2018-01-14,62.214924
2018-01-15,80.22991
2018-01-16,111.399925
2018-01-17,92.35321
2018-01-18,82.282074
2018-01-19,84.76798
2018-01-20,115.80165
2018-01-21,159.65643
2018-01-22,140.78923
2018-01-23,97.67286
2018-01-24,75.82915
2018-01-25,64.88984
2018-01-26,57.41095
2018-01-27,51.825996
2018-01-28,48.984474
2018-01-29,46.15805
2018-01-30,43.521164
2018-01-31,41.164585
2018-02-01,39.33958
2018-02-02,38.23475
2018-02-03,36.467495
2018-02-04,34.87234
2018-02-05,33.88484
2018-02-06,32.17886
2018-02-07,30.377993
2018-02-08,29.646202
2018-02-09,29.527954
2018-02-10,28.356777
2018-02-11,26.992758
2018-02-12,25.886879
2018-02-13,25.299053
2018-02-14,25.459831
2018-02-15,25.050667
2018-02-16,23.738087
2018-02-17,22.32497
2018-02-18,21.496653
2018-02-19,20.928772
2018-02-20,20.387878
2018-02-21,19.649448
2018-02-22,18.691805
2018-02-23,17.891693
2018-02-24,17.611307
2018-02-25,17.849411
2018-02-26,17.840734
2018-02-27,17.104536
2018-02-28,16.126354
2018-03-01,15.394118
2018-03-02,15.041289
2018-03-03,14.84183
2018-03-04,14.587376
2018-03-05,14.26552
2018-03-06,13.957459
2018-03-07,14.182641
2018-03-08,13.9304695
2018-03-09,13.815683
2018-03-10,15.280892
2018-03-11,15.936936
2018-03-12,16.010778
2018-03-13,15.609928
2018-03-14,14.970262
2018-03-15,15.546094
2018-03-16,18.553595
2018-03-17,20.116184
2018-03-18,18.444565
2018-03-19,16.457455
2018-03-20,15.351551
2018-03-21,15.013236
2018-03-22,14.90665
2018-03-23,14.167758
2018-03-24,14.335545
2018-03-25,30.8292
2018-03-26,80.547295
2018-03-27,60.63102
2018-03-28,36.638535
2018-03-29,26.710707
2018-03-30,25.557005
2018-03-31,24.490799
2018-04-01,22.251131
2018-04-02,24.25293
2018-04-03,35.010654
2018-04-04,36.68285
2018-04-05,43.137947
2018-04-06,70.20389
2018-04-07,126.3122
2018-04-08,187.58577
2018-04-09,158.08109
2018-04-10,127.65404
2018-04-11,146.98811
2018-04-12,350.11987
2018-04-13,366.5251
2018-04-14,262.352
2018-04-15,264.964
2018-04-16,217.12608
2018-04-17,143.71582
2018-04-18,136.80583
2018-04-19,175.5491
2018-04-20,173.09665
2018-04-21,141.12965
2018-04-22,126.64828
2018-04-23,120.0123
2018-04-24,122.75927
2018-04-25,131.88252
2018-04-26,133.7674
2018-04-27,134.29013
2018-04-28,163.65282
2018-04-29,196.30374
2018-04-30,160.39586
2018-05-01,146.96465
2018-05-02,181.09154
2018-05-03,169.92984
2018-05-04,149.80846
2018-05-05,126.62676
2018-05-06,119.319725
2018-05-07,129.94125
2018-05-08,153.41219
2018-05-09,161.30603
2018-05-10,158.62828
2018-05-11,197.41908
2018-05-12,329.7633
2018-05-13,396.08643
2018-05-14,325.5821
2018-05-15,310.7464
2018-05-16,321.4846
2018-05-17,282.7486
2018-05-18,233.77078
2018-05-19,196.83429
2018-05-20,197.07574
2018-05-21,219.8001
2018-05-22,215.83583
2018-05-23,197.35274
2018-05-24,175.94608
2018-05-25,165.01944
2018-05-26,164.25497
2018-05-27,172.3504
2018-05-28,215.26897
2018-05-29,232.70973
2018-05-30,223.05502
2018-05-31,200.40067
2018-06-01,172.77113
2018-06-02,163.06323
2018-06-03,182.35934
2018-06-04,167.2664
2018-06-05,171.1128
2018-06-06,209.04549
2018-06-07,180.90846
2018-06-08,159.98267
2018-06-09,161.29025
2018-06-10,159.46616
2018-06-11,163.39499
2018-06-12,194.27412
2018-06-13,205.64117
2018-06-14,178.84479
2018-06-15,175.13179
2018-06-16,211.99564
2018-06-17,216.97571
2018-06-18,191.62682
2018-06-19,151.7788
2018-06-20,166.13927
2018-06-21,189.38312
2018-06-22,168.75377
2018-06-23,156.2988
2018-06-24,155.56255
2018-06-25,134.74945
2018-06-26,167.63242
2018-06-27,242.89891
2018-06-28,348.89288
2018-06-29,375.0048
2018-06-30,302.95792
2018-07-01,284.3532
2018-07-02,313.1275
2018-07-03,378.2144
2018-07-04,369.7014
2018-07-05,309.73288
2018-07-06,273.89166
2018-07-07,246.94691
2018-07-08,234.57538
2018-07-09,194.04526
2018-07-10,177.50658
2018-07-11,178.93314
2018-07-12,208.10684
2018-07-13,264.5483
2018-07-14,305.98145
2018-07-15,324.7257
2018-07-16,269.37885
2018-07-17,234.15877
2018-07-18,245.37204
2018-07-19,240.9087
2018-07-20,242.12228
2018-07-21,238.64984
2018-07-22,211.66798
2018-07-23,184.34027
2018-07-24,346.93298
2018-07-25,387.88382
2018-07-26,274.09784
2018-07-27,223.56274
2018-07-28,184.64835
2018-07-29,163.055
2018-07-30,192.65036
2018-07-31,264.20923
2018-08-01,291.7927
2018-08-02,334.0362
2018-08-03,371.8475
2018-08-04,357.60333
2018-08-05,431.7016
2018-08-06,452.80582
2018-08-07,339.6751
2018-08-08,220.81697
2018-08-09,171.58075
2018-08-10,169.26085
2018-08-11,187.99251
2018-08-12,206.75293
2018-08-13,207.99811
2018-08-14,192.33127
2018-08-15,172.86188
2018-08-16,185.42982
2018-08-17,215.13318
2018-08-18,192.6344
2018-08-19,199.08452
2018-08-20,241.10806
2018-08-21,226.80125
2018-08-22,186.84058
2018-08-23,164.82785
2018-08-24,182.95235
2018-08-25,199.27095
2018-08-26,206.44902
2018-08-27,241.12592
2018-08-28,238.15395
2018-08-29,221.78416
2018-08-30,256.40692
2018-08-31,272.80276
2018-09-01,211.08972
2018-09-02,176.46426
2018-09-03,182.85255
2018-09-04,192.28612
2018-09-05,158.10602
2018-09-06,138.63974
2018-09-07,152.96979
2018-09-08,240.43327
2018-09-09,271.12787
2018-09-10,231.75244
2018-09-11,180.41154
2018-09-12,161.28879
2018-09-13,150.35777
2018-09-14,135.48923
2018-09-15,141.18703
2018-09-16,231.09933
2018-09-17,349.60684
2018-09-18,339.13846
2018-09-19,262.23587
2018-09-20,274.6697
2018-09-21,313.64755
2018-09-22,261.95618
2018-09-23,234.22183
2018-09-24,249.86978
2018-09-25,221.08934
2018-09-26,201.03488
2018-09-27,221.54808
2018-09-28,250.96968
2018-09-29,252.93587
2018-09-30,239.60338
2018-10-01,220.04768
2018-10-02,235.81168
2018-10-03,198.7043
2018-10-04,221.25887
2018-10-05,202.04886
2018-10-06,177.4705
2018-10-07,186.78304
2018-10-08,231.3362
2018-10-09,237.33174
2018-10-10,232.13441
2018-10-11,260.14145
2018-10-12,309.278
2018-10-13,302.00943
2018-10-14,230.13329
2018-10-15,173.0355
2018-10-16,165.34885
2018-10-17,206.884
2018-10-18,222.56706
2018-10-19,181.94405
2018-10-20,187.34346
2018-10-21,219.84433
2018-10-22,280.6218
2018-10-23,352.05923
2018-10-24,319.99524
2018-10-25,256.5642
2018-10-26,201.67984
2018-10-27,156.20586
2018-10-28,137.19908
2018-10-29,140.43147
2018-10-30,156.59213
2018-10-31,164.27426
2018-11-01,146.83539
2018-11-02,175.53229
2018-11-03,251.4419
2018-11-04,247.62125
2018-11-05,247.64929
2018-11-06,221.98878
2018-11-07,199.71109
2018-11-08,189.76846
2018-11-09,155.33597
2018-11-10,123.845406
2018-11-11,109.58982
2018-11-12,102.227325
2018-11-13,109.4198
2018-11-14,122.45824
2018-11-15,126.367035
2018-11-16,118.953224
2018-11-17,131.99629
2018-11-18,164.01968
2018-11-19,264.0775
2018-11-20,338.32227
2018-11-21,296.5555
2018-11-22,257.36124
2018-11-23,243.123
2018-11-24,199.81429
2018-11-25,164.73117
2018-11-26,138.59158
2018-11-27,111.211586
2018-11-28,103.80963
2018-11-29,136.65414
2018-11-30,160.083
2018-12-01,124.38948
2018-12-02,95.154785
2018-12-03,81.636116
2018-12-04,73.15426
2018-12-05,67.77406
2018-12-06,63.312187
2018-12-07,60.043713
2018-12-08,56.205727
2018-12-09,52.147156
2018-12-10,48.02063
2018-12-11,44.649887
2018-12-12,42.419483
2018-12-13,40.810966
2018-12-14,39.61988
2018-12-15,40.907875
2018-12-16,42.63071
2018-12-17,40.031155
2018-12-18,35.744022
2018-12-19,33.148228
2018-12-20,32.27261
2018-12-21,30.705603
2018-12-22,30.303104
2018-12-23,29.35508
2018-12-24,28.689566
2018-12-25,27.5972
2018-12-26,25.571077
2018-12-27,23.940382
2018-12-28,23.110357
2018-12-29,22.709883
2018-12-30,22.097572
2018-12-31,21.226753
2019-01-01,20.428932
2019-01-02,19.747416
2019-01-03,19.096102
2019-01-04,18.48223
2019-01-05,17.99575
2019-01-06,17.481853
2019-01-07,17.073107
2019-01-08,16.966103
2019-01-09,17.002659
2019-01-10,17.15768
2019-01-11,17.378727
2019-01-12,17.177448
2019-01-13,16.688932
2019-01-14,16.185083
2019-01-15,16.060612
2019-01-16,16.137802
2019-01-17,15.499336
2019-01-18,14.413576
2019-01-19,13.744649
2019-01-20,13.496584
2019-01-21,13.275263
2019-01-22,14.330464
2019-01-23,15.518506
2019-01-24,14.923556
2019-01-25,13.433472
2019-01-26,12.215184
2019-01-27,11.54351
2019-01-28,11.377996
2019-01-29,11.350654
2019-01-30,11.303574
2019-01-31,11.309288
2019-02-01,11.67064
2019-02-02,11.772772
2019-02-03,11.152693
2019-02-04,10.44018
2019-02-05,9.910725
2019-02-06,9.443426
2019-02-07,9.038029
2019-02-08,8.773104
2019-02-09,8.596467
2019-02-10,8.455012
2019-02-11,8.324671
2019-02-12,8.152778
2019-02-13,7.950972
2019-02-14,7.7746015
2019-02-15,7.700995
2019-02-16,7.9779396
2019-02-17,8.656035
2019-02-18,9.323033
2019-02-19,10.270211
2019-02-20,11.652558
2019-02-21,11.935328
2019-02-22,11.601508
2019-02-23,12.070237
2019-02-24,11.012112
2019-02-25,9.808963
2019-02-26,8.936437
2019-02-27,8.17055
2019-02-28,7.509803
2019-03-01,7.006631
2019-03-02,6.6670012
2019-03-03,6.506691
2019-03-04,6.6156573
2019-03-05,7.1484356
2019-03-06,7.571056
2019-03-07,7.7799306
2019-03-08,7.8525424
2019-03-09,7.5938835
2019-03-10,7.077208
2019-03-11,6.5769114
2019-03-12,6.487593
2019-03-13,6.9700575
2019-03-14,7.237506
2019-03-15,6.9447455
2019-03-16,6.386477
2019-03-17,6.0474243
2019-03-18,5.9692183
2019-03-19,5.9178514
2019-03-20,5.837096
2019-03-21,5.9747133
2019-03-22,7.96795
2019-03-23,16.160341
2019-03-24,21.46551
2019-03-25,18.534105
2019-03-26,31.689245
2019-03-27,53.38781
2019-03-28,52.16587
2019-03-29,37.1688
2019-03-30,26.426039
2019-03-31,27.877264
2019-04-01,30.262667
2019-04-02,25.121824
2019-04-03,25.211248
2019-04-04,37.01194
2019-04-05,41.318897
2019-04-06,33.822735
2019-04-07,26.460474
2019-04-08,21.900164
2019-04-09,19.52516
2019-04-10,18.09889
2019-04-11,17.215622
2019-04-12,19.568037
2019-04-13,49.29284
2019-04-14,80.80311
2019-04-15,60.148464
2019-04-16,42.855797
2019-04-17,44.652508
2019-04-18,53.107143
2019-04-19,77.18092
2019-04-20,126.33598
2019-04-21,150.35214
2019-04-22,166.94673
2019-04-23,214.21844
2019-04-24,271.3291
2019-04-25,223.9376
2019-04-26,146.76103
2019-04-27,105.96365
2019-04-28,105.03079
2019-04-29,123.03498
2019-04-30,152.17635
2019-05-01,166.84933
2019-05-02,129.49959
2019-05-03,99.614716
2019-05-04,89.58248
2019-05-05,83.67766
2019-05-06,90.98445
2019-05-07,98.33377
2019-05-08,103.98662
2019-05-09,106.70176
2019-05-10,113.963875
2019-05-11,139.75401
2019-05-12,184.0299
2019-05-13,174.1349
2019-05-14,141.95422
2019-05-15,149.57698
2019-05-16,229.53113
2019-05-17,253.61577
2019-05-18,232.82901
2019-05-19,278.95837
2019-05-20,308.79837
2019-05-21,294.91412
2019-05-22,263.34567
2019-05-23,230.40036
2019-05-24,197.79227
2019-05-25,201.09752
2019-05-26,218.98802
2019-05-27,227.22955
2019-05-28,209.07042
2019-05-29,198.18582
2019-05-30,211.5681
2019-05-31,217.03194
2019-06-01,247.88875
2019-06-02,273.15146
2019-06-03,300.4457
2019-06-04,270.29694
2019-06-05,205.53343
2019-06-06,161.92252
2019-06-07,151.39963
2019-06-08,180.79857
2019-06-09,227.61295
2019-06-10,208.58893
2019-06-11,222.9672
2019-06-12,286.55206
2019-06-13,241.10725
2019-06-14,182.37744
2019-06-15,156.8501
2019-06-16,158.83112
2019-06-17,169.11247
2019-06-18,153.47803
2019-06-19,139.55469
2019-06-20,233.04973
2019-06-21,302.79095
2019-06-22,286.27444
2019-06-23,259.899
2019-06-24,192.78972
2019-06-25,170.08224
2019-06-26,189.8236
2019-06-27,208.53618
2019-06-28,197.06812
2019-06-29,152.35493
2019-06-30,118.98298
2019-07-01,162.5062
2019-07-02,252.60913
2019-07-03,275.75687
2019-07-04,274.41492
2019-07-05,225.78883
2019-07-06,153.48904
2019-07-07,138.40431
2019-07-08,219.7442
2019-07-09,271.3206
2019-07-10,245.8993
2019-07-11,263.62872
2019-07-12,290.8296
2019-07-13,242.09795
2019-07-14,197.8884
2019-07-15,227.69289
2019-07-16,396.55392
2019-07-17,450.93448
2019-07-18,383.71634
2019-07-19,373.43677
2019-07-20,316.9851
2019-07-21,248.66548
2019-07-22,205.16643
2019-07-23,155.79124
2019-07-24,153.80708
2019-07-25,161.7959
2019-07-26,164.06003
2019-07-27,226.97981
2019-07-28,283.73834
2019-07-29,274.99573
2019-07-30,214.1289
2019-07-31,155.72827
2019-08-01,153.4594
2019-08-02,196.97594
2019-08-03,224.53325
2019-08-04,199.98622
2019-08-05,189.3131
2019-08-06,203.21931
2019-08-07,302.73157
2019-08-08,310.00647
2019-08-09,216.46823
2019-08-10,164.36595
2019-08-11,165.14058
2019-08-12,161.92357
2019-08-13,128.43661
2019-08-14,127.25538
2019-08-15,165.0023
2019-08-16,305.70697
2019-08-17,506.4624
2019-08-18,499.28186
2019-08-19,407.3462
2019-08-20,345.69772
2019-08-21,350.20117
2019-08-22,375.4034
2019-08-23,317.7816
2019-08-24,253.68494
2019-08-25,259.43945
2019-08-26,269.96072
2019-08-27,254.99226
2019-08-28,208.12297
2019-08-29,188.4284
2019-08-30,209.10347
2019-08-31,195.0149
2019-09-01,155.81596
2019-09-02,124.593506
2019-09-03,126.216225
2019-09-04,151.52602
2019-09-05,140.83842
2019-09-06,175.74165
2019-09-07,262.3523
2019-09-08,267.81372
2019-09-09,189.44707
2019-09-10,152.15674
2019-09-11,155.69801
2019-09-12,149.63768
2019-09-13,146.6056
2019-09-14,160.90587
2019-09-15,166.63826
2019-09-16,189.59642
2019-09-17,220.83752
2019-09-18,179.0531
2019-09-19,159.0862
2019-09-20,298.69418
2019-09-21,353.71362
2019-09-22,264.60355
2019-09-23,237.49501
2019-09-24,215.56725
2019-09-25,213.4153
2019-09-26,260.30493
2019-09-27,275.71368
2019-09-28,252.61511
2019-09-29,194.82228
2019-09-30,227.54872
2019-10-01,307.08176
2019-10-02,233.95721
2019-10-03,193.49513
2019-10-04,229.81313
2019-10-05,271.1326
2019-10-06,305.9921
2019-10-07,305.2014
2019-10-08,251.19576
2019-10-09,246.47203
2019-10-10,276.54932
2019-10-11,272.67645
2019-10-12,243.96124
2019-10-13,209.98663
2019-10-14,200.75996
2019-10-15,193.45145
2019-10-16,184.48721
2019-10-17,179.6663
2019-10-18,176.3816
2019-10-19,207.28487
2019-10-20,385.9505
2019-10-21,561.5325
2019-10-22,432.11734
2019-10-23,339.91214
2019-10-24,326.46802
2019-10-25,317.2833
2019-10-26,289.92874
2019-10-27,219.14256
2019-10-28,168.82915
2019-10-29,151.13286
2019-10-30,141.32431
2019-10-31,132.71603
2019-11-01,137.6637
2019-11-02,166.17975
2019-11-03,177.78346
2019-11-04,178.40863
2019-11-05,143.03145
2019-11-06,213.40475
2019-11-07,302.91425
2019-11-08,232.1368
2019-11-09,187.02246
2019-11-10,178.93895
2019-11-11,171.63177
2019-11-12,193.34247
2019-11-13,224.63647
2019-11-14,231.68143
2019-11-15,206.59843
2019-11-16,187.02942
2019-11-17,167.75455
2019-11-18,141.17046
2019-11-19,134.06161
2019-11-20,147.35214
2019-11-21,120.25935
2019-11-22,97.60755
2019-11-23,84.8245
2019-11-24,89.787346
2019-11-25,121.38302
2019-11-26,101.138885
2019-11-27,76.499725
2019-11-28,72.17997
2019-11-29,74.00114
2019-11-30,71.24485
2019-12-01,70.3424
2019-12-02,77.25057
2019-12-03,75.70941
2019-12-04,66.2216
2019-12-05,65.04667
2019-12-06,90.38973
2019-12-07,124.99296
2019-12-08,96.92651
2019-12-09,78.36673
2019-12-10,71.88044
2019-12-11,61.55547
2019-12-12,52.840267
2019-12-13,47.01523
2019-12-14,44.43095
2019-12-15,48.080437
2019-12-16,46.654667
2019-12-17,52.60074
2019-12-18,99.12379
2019-12-19,116.997734
2019-12-20,83.86478
2019-12-21,65.40466
2019-12-22,97.411446
2019-12-23,146.53456
2019-12-24,122.64658
2019-12-25,84.71993
2019-12-26,65.52259
2019-12-27,59.46705
2019-12-28,71.0876
2019-12-29,94.65762
2019-12-30,79.78697
2019-12-31,61.79894
2020-01-01,58.599464
